{
  "T-Soft": {
    "cats": [
      6
    ],
    "html": "<a href=\"http://www\\.tsoft\\.com\\.tr\" target=\"_blank\" title=\"T-Soft E-ticaret Sistemleri\">",
    "icon": "Tsoft.png",
    "website": "https://www.tsoft.com.tr/"
  },
  "T1 Comercios": {
    "cats": [
      19
    ],
    "description": "T1 Comercios is an integrator platform with marketplaces(https://www.claroshop.com/,https://www.sears.com.mx/,https://www.sanborns.com.mx/).",
    "icon": "T1 Comercios.svg",
    "meta": {
      "generator": "^T1COMERCIOS$"
    },
    "pricing": [
      "freemium"
    ],
    "saas": true,
    "website": "https://www.t1comercios.com"
  },
  "T1 Envios": {
    "cats": [
      99
    ],
    "description": "T1 Envios is a delivery solution, allows the business to select the best courier to send their packages.",
    "icon": "T1 Envios.svg",
    "meta": {
      "generator": "^T1ENVIOS$"
    },
    "pricing": [
      "payg"
    ],
    "saas": true,
    "website": "https://t1envios.com"
  },
  "T1 Paginas": {
    "cats": [
      6
    ],
    "description": "T1 Paginas is an ecommerce platform.",
    "icon": "T1 Paginas.svg",
    "implies": [
      "AngularJS",
      "Node.js",
      "MongoDB"
    ],
    "meta": {
      "generator": "^T1PAGINAS$"
    },
    "pricing": [
      "high",
      "recurring"
    ],
    "saas": true,
    "website": "https://t1paginas.com"
  },
  "T1 Pagos": {
    "cats": [
      41
    ],
    "description": "T1 Pagos is a payment processing platform.",
    "icon": "T1 Pagos.svg",
    "meta": {
      "generator": "^T1PAGOS$"
    },
    "pricing": [
      "payg"
    ],
    "saas": true,
    "website": "https://www.t1pagos.com"
  },
  "TCAdmin": {
    "cats": [
      9
    ],
    "description": "TCAdmin is the game hosting control panel.",
    "icon": "TCAdmin.png",
    "js": {
      "TCAdmin": ""
    },
    "pricing": [
      "low",
      "recurring",
      "onetime"
    ],
    "website": "https://www.tcadmin.com"
  },
  "TDesign": {
    "cats": [
      66
    ],
    "description": "TDesign launched by Tencent contains rich and reusable design component resources, such as color system, text system, motion design, etc.",
    "dom": ".t-button__text, .t-layout",
    "icon": "TDesign.svg",
    "scriptSrc": "tdesign\\.gtimg\\.com/",
    "website": "https://tdesign.tencent.com"
  },
  "THG Ingenuity": {
    "cats": [
      6
    ],
    "description": "THG Ingenuity is completely unique in that it's both a peer-to-peer ecommerce retailer and a service provider to global cross-border commerce operations.",
    "icon": "THG Ingenuity.png",
    "pricing": [
      "poa"
    ],
    "saas": true,
    "scriptSrc": [
      "THEHUT-.*\\.js"
    ],
    "website": "https://www.thgingenuity.com"
  },
  "THRON": {
    "cats": [
      95
    ],
    "description": "THRON is a digital asset management platform that provides a centralised hub for storing, organising, and distributing digital assets like images, videos, and documents.",
    "dom": "link[href*='.thron.com/'], img[src*='.thron.com/']",
    "icon": "THRON.png",
    "js": {
      "THRONPlayer": "",
      "thronHlsJs": ""
    },
    "pricing": [
      "poa"
    ],
    "saas": true,
    "website": "https://www.thron.com"
  },
  "TN Express Web": {
    "cats": [
      1
    ],
    "cookies": {
      "TNEW": ""
    },
    "description": "Tessitura is an enterprise application to manage activities in ticketing, fundraising, customer relationship management, and marketing.",
    "icon": "tessitura.svg",
    "implies": "Tessitura",
    "website": "https://www.tessituranetwork.com"
  },
  "TNS Payments": {
    "cats": [
      41
    ],
    "description": "TNS Payments, is designed to deliver payment transaction information to banks, merchants, processors and other payment institutions.",
    "icon": "tnsi.png",
    "scriptSrc": "secure\\.ap\\.tnspayments\\.com",
    "website": "https://tnsi.com/products/payments/"
  },
  "TRISOshop": {
    "cats": [
      6
    ],
    "description": "TRISOshop is an ecommerce platform.",
    "dom": "a[href*='www.trisoshop.pl'][target='_blank']",
    "icon": "TRISOshop.svg",
    "pricing": [
      "low",
      "recurring"
    ],
    "saas": true,
    "website": "https://www.trisoshop.pl"
  },
  "TRUENDO": {
    "cats": [
      67
    ],
    "description": "TRUENDO is a GDPR compliance software.",
    "icon": "TRUENDO.svg",
    "js": {
      "Truendo": "",
      "TruendoCookieControlCallback": ""
    },
    "pricing": [
      "low",
      "recurring"
    ],
    "saas": true,
    "scriptSrc": [
      "cdn\\.priv\\.center/",
      "cdn\\.truendo\\.com/"
    ],
    "website": "https://truendo.com"
  },
  "TVSquared": {
    "cats": [
      36
    ],
    "description": "TVSquared is a cross-platform TV ad measurement, analytics and optimisation platform.",
    "dom": "link[href*='.tvsquared.com']",
    "icon": "TVSquared.png",
    "js": {
      "TV2Track": "",
      "_tvq": ""
    },
    "pricing": [
      "poa"
    ],
    "saas": true,
    "website": "https://www.tvsquared.com"
  },
  "TWiki": {
    "cats": [
      8
    ],
    "cookies": {
      "TWIKISID": ""
    },
    "description": "TWiki is an open-source wiki and application platform.",
    "html": "<img [^>]*(?:title|alt)=\"This site is powered by the TWiki collaboration platform",
    "icon": "TWiki.png",
    "implies": "Perl",
    "scriptSrc": "(?:TWikiJavascripts|twikilib(?:\\.min)?\\.js)",
    "website": "https://twiki.org"
  },
  "TYPO3 CMS": {
    "cats": [
      1
    ],
    "cpe": "cpe:2.3:a:typo3:typo3:*:*:*:*:*:*:*:*",
    "description": "TYPO3 is a free and open-source Web content management system written in PHP.",
    "html": [
      "<link[^>]+ href=\"/?typo3(?:conf|temp)/",
      "<img[^>]+ src=\"/?typo3(?:conf|temp)/",
      "<!--\n\tThis website is powered by TYPO3"
    ],
    "icon": "TYPO3.svg",
    "implies": "PHP",
    "meta": {
      "generator": "TYPO3\\s+(?:CMS\\s+)?(?:[\\d.]+)?(?:\\s+CMS)?"
    },
    "oss": true,
    "scriptSrc": "^/?typo3(?:conf|temp)/",
    "url": "/typo3/",
    "website": "https://typo3.org/"
  },
  "Tabarnapp": {
    "cats": [
      100
    ],
    "description": "Tabarnapp is a platform for Shopify apps and themes.",
    "icon": "Tabarnapp.png",
    "js": {
      "tabarnapp_loaded_ad": ""
    },
    "pricing": [
      "low",
      "recurring"
    ],
    "requires": "Shopify",
    "saas": true,
    "scriptSrc": "cdn\\.tabarn\\.app/",
    "website": "https://tabarnapp.com"
  },
  "Tabby": {
    "cats": [
      41,
      91
    ],
    "description": "Tabby is a Buy now pay later solution from Middle East.",
    "icon": "Tabby.svg",
    "js": {
      "Tabby": "",
      "TabbyPromo": ""
    },
    "saas": true,
    "scriptSrc": "checkout\\.tabby\\.ai",
    "website": "https://tabby.ai/"
  },
  "TableBooker": {
    "cats": [
      93
    ],
    "description": "Tablebooker is an online reservation system for restaurants.",
    "dom": {
      "iframe": {
        "attributes": {
          "id": "tablebookerResFrame_"
        }
      }
    },
    "icon": "TableBooker.svg",
    "pricing": [
      "low",
      "recurring"
    ],
    "saas": true,
    "scriptSrc": "reservations\\.tablebooker\\.\\w+/",
    "website": "https://www.tablebooker.com"
  },
  "TableCheck": {
    "cats": [
      93
    ],
    "description": "TableCheck is a restaurant table booking widget.",
    "dom": {
      "form[action*='tablecheck']": {
        "attributes": {
          "action": "\\.tablecheck\\.\\w+/"
        }
      }
    },
    "icon": "TableCheck.svg",
    "scriptSrc": "tc_widget\\.js",
    "website": "https://www.tablecheck.com"
  },
  "TablePress": {
    "cats": [
      87
    ],
    "description": "TablePress is a free and open source plugin for the WordPress publishing platform. It enables you to create and manage tables on your website, without any coding knowledge.",
    "dom": "link[href*='/wp-content/plugins/tablepress/']",
    "icon": "TablePress.png",
    "oss": true,
    "requires": "WordPress",
    "website": "https://tablepress.org"
  },
  "Taboola": {
    "cats": [
      36
    ],
    "cookies": {
      "taboola_session_id": ""
    },
    "description": "Taboola is a content discovery & native advertising platform for publishers and advertisers.",
    "dom": {
      "link[href*='.taboola.com']": {
        "attributes": {
          "href": ""
        }
      }
    },
    "icon": "Taboola.svg",
    "js": {
      "TRCImpl.global": "",
      "_taboola": "",
      "taboola_view_id": ""
    },
    "pricing": [
      "payg"
    ],
    "saas": true,
    "scriptSrc": "\\.taboola\\.com",
    "website": "https://www.taboola.com",
    "xhr": "\\.taboola\\.com"
  },
  "Tachyons": {
    "cats": [
      66
    ],
    "description": "Tachyons is a functional CSS framework.",
    "dom": {
      "link[href*='tachyons.min.css']": {
        "attributes": {
          "href": "(?:([\\d\\.]+)(?:/css)?/)?tachyons\\.min\\.css\\;version:\\1"
        }
      }
    },
    "icon": "Tachyons.svg",
    "js": {
      "webpackChunkgatsby_starter_blog_tachyons": ""
    },
    "oss": true,
    "website": "https://tachyons.io"
  },
  "Tada": {
    "cats": [
      100
    ],
    "description": "Tada offers interactive website popups that allow Shopify merchants to collect more emails and increase sales by engaging website visitors through gamification.",
    "icon": "Tada.png",
    "implies": "Shopify",
    "pricing": [
      "freemium",
      "payg",
      "recurring"
    ],
    "saas": true,
    "scriptSrc": "cdn\\.trytada\\.com/",
    "website": "https://trytada.com"
  },
  "TagPro": {
    "cats": [
      42
    ],
    "description": "TagPro is software that updates and allows you to manage tags within websites, identifying various types of variables to optimise loads for advertising.",
    "icon": "TagPro.png",
    "js": {
      "initAdproTags": ""
    },
    "pricing": [
      "poa"
    ],
    "saas": true,
    "scriptSrc": "tagpro\\.adpromedia\\.net/",
    "website": "https://tagpro.adpromedia.net"
  },
  "Tagboard": {
    "cats": [
      96
    ],
    "description": "Tagboard is a platform which allows users to aggregate data from major social networking websites and embed, repost and redisplay it on various media.",
    "dom": "iframe[src*='.tagboard.com/']",
    "icon": "Tagboard.svg",
    "pricing": [
      "high",
      "recurring"
    ],
    "saas": true,
    "scriptSrc": "\\.tagboard\\.com/",
    "website": "https://tagboard.com"
  },
  "Tagembed": {
    "cats": [
      96,
      5
    ],
    "description": "Tagembed is a social media aggregator that collects and displays engaging user-generated content from any social media network such as Instagram, Facebook, Twitter, Youtube, Tiktok, Google Reviews, Airbnb, and 18+ networks.",
    "dom": "script[data-src*='widget.tagembed.com/']",
    "icon": "Tagembed.svg",
    "js": {
      "TagembedWidget": ""
    },
    "pricing": [
      "freemium",
      "low",
      "recurring"
    ],
    "saas": true,
    "scriptSrc": "//widget\\.tagembed\\.com/",
    "website": "https://tagembed.com"
  },
  "Taggbox": {
    "cats": [
      5
    ],
    "description": "Taggbox is an UGC platform to collect, curate, manage rights, and publish user-generated content marketing campaigns across multiple channels.",
    "icon": "Taggbox.svg",
    "js": {
      "taggboxAjaxurl": ""
    },
    "pricing": [
      "low",
      "recurring",
      "freemium"
    ],
    "saas": true,
    "scriptSrc": [
      "\\.taggbox\\.com",
      "taggbox\\.com/app/js/embed\\.min\\.js(?:\\?ver=([\\d.]+))?\\;version:\\1"
    ],
    "url": "\\.taggbox\\.com",
    "website": "https://taggbox.com/"
  },
  "Taiga": {
    "cats": [
      13
    ],
    "icon": "Taiga.png",
    "implies": [
      "Django",
      "AngularJS"
    ],
    "js": {
      "taigaConfig": ""
    },
    "website": "https://taiga.io"
  },
  "Tail": {
    "cats": [
      97
    ],
    "description": "Tail is a customer data management platform.",
    "icon": "Tail.svg",
    "pricing": [
      "poa"
    ],
    "saas": true,
    "scriptSrc": "\\.tailtarget\\.com/",
    "website": "https://www.tail.digital"
  },
  "Tailwind CSS": {
    "cats": [
      66
    ],
    "css": "--tw-(?:rotate|translate|space-x|text-opacity|border-opacity)",
    "description": "Tailwind is a utility-first CSS framework.",
    "dom": {
      "link[rel='stylesheet'][href*='tailwind']": {
        "attributes": {
          "href": "tailwindcss[@|/](?:\\^)?([\\d.]+)(?:/[a-z]+)?/(?:tailwind|base|components|utilities)(?:\\.min)?\\.css\\;version:\\1"
        }
      }
    },
    "icon": "tailwindcss.svg",
    "js": {
      "tailwind": ""
    },
    "scriptSrc": "\\.tailwindcss(?:tailwind-config-cdn)?\\.(?:com|js)",
    "website": "https://tailwindcss.com/"
  },
  "TakeDrop": {
    "cats": [
      6
    ],
    "description": "TakeDrop is an ecommerce platform.",
    "dom": "img[src*='main.takedropstorage.com']",
    "icon": "TakeDrop.png",
    "js": {
      "webpackJsonptakedrop-react": ""
    },
    "pricing": [
      "low",
      "recurring"
    ],
    "saas": true,
    "website": "https://takedrop.pl"
  },
  "Talkable": {
    "cats": [
      74,
      84,
      94
    ],
    "description": "Talkable is a cloud-based referral marketing system that assists medium to large businesses with campaign creation and channel performance tracking.",
    "icon": "Talkable.svg",
    "js": {
      "talkable.config.version": "([\\d\\.]+)\\;version:\\1"
    },
    "pricing": [
      "poa"
    ],
    "saas": true,
    "website": "https://www.talkable.com"
  },
  "Tallentor": {
    "cats": [
      10
    ],
    "description": "Tallentor is a subscription-based software website analytics, heatmap, channel chat intergration.",
    "icon": "Tallentor.png",
    "pricing": [
      "low",
      "recurring"
    ],
    "saas": true,
    "scriptSrc": "tallentor\\.com/js/script_tracker\\.js",
    "website": "https://tallentor.com"
  },
  "Tallentor Widget": {
    "cats": [
      52
    ],
    "cookies": {
      "tallentor_widget": ""
    },
    "description": "Tallentor is a subscription-based software website analytics, heatmap, channel chat intergration.",
    "icon": "Tallentor.png",
    "pricing": [
      "low",
      "recurring"
    ],
    "saas": true,
    "website": "https://tallentor.com"
  },
  "Tally": {
    "cats": [
      73
    ],
    "description": "Tally is the simplest way to create free forms & surveys. Create any type of form in seconds, without knowing how to code, and for free.",
    "dom": [
      "iframe[data-tally-src^='https://tally.so/embed/']",
      "a[href*='//tally.so/r/']"
    ],
    "icon": "Tally.svg",
    "js": {
      "Tally": ""
    },
    "pricing": [
      "freemium",
      "low",
      "recurring"
    ],
    "saas": true,
    "scriptSrc": "//tally\\.so/",
    "website": "https://tally.so/"
  },
  "Tamago": {
    "cats": [
      5
    ],
    "html": "<link [^>]*href=\"http://tamago\\.temonalab\\.com",
    "icon": "Tamago.png",
    "website": "https://tamago.temonalab.com"
  },
  "Tamara": {
    "cats": [
      41,
      91
    ],
    "description": "Tamara ia a BNPL (Buy now pay later) provider in Saudi Arabia.",
    "icon": "Tamara.svg",
    "js": {
      "TamaraProductWidget": ""
    },
    "saas": true,
    "scriptSrc": "cdn\\.tamara\\.co",
    "website": "https://tamara.co/"
  },
  "Tangled Network": {
    "cats": [
      88
    ],
    "description": "Tangled Network provides a managed services in website devleopment, web and database hosting and domain registration, with a focus on everything managed for small and medium sized businesses.",
    "dns": {
      "NS": "\\.tanglednetwork\\.com",
      "SOA": "\\.tanglednetwork\\.com"
    },
    "headers": {
      "X-Hosting-Provider": "Tangled Network"
    },
    "icon": "atws.png",
    "pricing": [
      "low",
      "recurring"
    ],
    "website": "https://tanglednetwork.com"
  },
  "Tapad": {
    "cats": [
      36
    ],
    "description": "Tapad is a venture-funded startup company that develops and markets software and services for cross-device advertising and content delivery.",
    "dom": "link[href*='pixel.tapad.com'], img[src*='pixel.tapad.com']",
    "icon": "Tapad.svg",
    "pricing": [
      "poa"
    ],
    "saas": true,
    "website": "https://www.tapad.com"
  },
  "Tapcart": {
    "cats": [
      19
    ],
    "description": "Tapcart is a mobile commerce SaaS platform that integrates directly with Shopify.",
    "dom": "a[href*='tapcart.app'][target='_blank']",
    "icon": "Tapcart.svg",
    "js": {
      "tapcartwebBanner": ""
    },
    "pricing": [
      "mid",
      "recurring"
    ],
    "requires": "Shopify",
    "saas": true,
    "scriptSrc": "cdn\\.tapcart\\.com/",
    "website": "https://tapcart.com"
  },
  "Tapfiliate": {
    "cats": [
      71
    ],
    "description": "Tapfiliate is a cloud-based affiliate marketing software that helps businesses to create, track, and optimise their own affiliate marketing programs.",
    "icon": "Tapfiliate.svg",
    "js": {
      "TapfiliateObject": ""
    },
    "pricing": [
      "mid",
      "recurring"
    ],
    "saas": true,
    "scriptSrc": "\\.tapfiliate\\.com/",
    "website": "https://tapfiliate.com"
  },
  "Target2Sell": {
    "cats": [
      76
    ],
    "description": "Target2Sell is a personalisation solution for ecommerce sites.",
    "icon": "Target2Sell.png",
    "scriptSrc": "static\\.target2sell\\.com",
    "website": "https://www.target2sell.com/"
  },
  "Tatari": {
    "cats": [
      36
    ],
    "description": "Tatari is a data and analytics company focused on buying and measuring ads across TV and streaming platforms.",
    "icon": "Tatari.svg",
    "js": {
      "tatari": ""
    },
    "website": "https://www.tatari.tv"
  },
  "Tawk.to": {
    "cats": [
      52
    ],
    "cookies": {
      "TawkConnectionTime": ""
    },
    "description": "Tawk.to is a free messaging app to monitor and chat with the visitors to a website, mobile app.",
    "icon": "TawkTo.svg",
    "pricing": [
      "freemium",
      "payg"
    ],
    "saas": true,
    "scriptSrc": "//embed\\.tawk\\.to",
    "website": "https://tawk.to"
  },
  "Teachable": {
    "cats": [
      21
    ],
    "cookies": {
      "_gat_teachableTracker": "\\d+"
    },
    "description": "Teachable is a learning management system or LMS platform.",
    "icon": "Teachable.png",
    "js": {
      "isTeachable": "\\;confidence:50",
      "teachableIcons": "\\;confidence:50",
      "trackTeachableGAEvent": ""
    },
    "meta": {
      "asset_host": "\\.teachablecdn\\.com"
    },
    "pricing": [
      "low",
      "recurring"
    ],
    "saas": true,
    "scriptSrc": "\\.teachablecdn\\.com",
    "website": "https://teachable.com"
  },
  "Teads": {
    "cats": [
      36
    ],
    "description": "Teads is a technology provider that sells ads on publisher websites.",
    "icon": "Teads.svg",
    "scriptSrc": "teads\\.tv",
    "website": "https://www.teads.com",
    "xhr": "\\.teads\\.tv"
  },
  "Tealium": {
    "cats": [
      42,
      97
    ],
    "description": "Tealium provides a sales enterprise tag management system and marketing software.",
    "icon": "Tealium.png",
    "js": {
      "TEALIUMENABLED": ""
    },
    "pricing": [
      "mid",
      "recurring"
    ],
    "saas": true,
    "scriptSrc": [
      "^(?:https?:)?//tags\\.tiqcdn\\.com/",
      "/tealium/utag\\.js$"
    ],
    "website": "https://tealium.com"
  },
  "Tealium AudienceStream": {
    "cats": [
      86
    ],
    "description": "Tealium AudienceStream is an omnichannel customer segmentation and real-time action engine.",
    "dom": "link[href*='.tealiumiq.com']",
    "icon": "Tealium.png",
    "pricing": [
      "poa"
    ],
    "saas": true,
    "scriptSrc": "\\.tealiumiq\\.com",
    "website": "https://tealium.com/products/audiencestream"
  },
  "Tealium Consent Management": {
    "cats": [
      67
    ],
    "description": "Tealium Consent Management adds consent and data privacy support.",
    "dom": "script#__tealiumGDPRecScript,div#__tealiumGDPRecModal",
    "icon": "Tealium.png",
    "website": "https://docs.tealium.com/platforms/getting-started/consent-management"
  },
  "TeamBrain": {
    "cats": [
      5
    ],
    "description": "TeamBrain is a knowledge management solution which allows to use a self-learning dynamic FAQ on a website or widget on the bottom right of any page.",
    "dom": "link[href*='//teambrain.app/']",
    "icon": "TeamBrain.png",
    "js": {
      "TeamBrainExternalApp": ""
    },
    "pricing": [
      "mid",
      "recurring"
    ],
    "saas": true,
    "website": "https://www.teambrain.io"
  },
  "TeamCity": {
    "cats": [
      44
    ],
    "description": "TeamCity is a build management and continuous integration server from JetBrains.",
    "html": "<span class=\"versionTag\"><span class=\"vWord\">Version</span> ([\\d\\.]+)\\;version:\\1",
    "icon": "TeamCity.svg",
    "implies": [
      "Apache Tomcat",
      "Java",
      "jQuery",
      "Moment.js",
      "Prototype",
      "React",
      "Underscore.js"
    ],
    "meta": {
      "application-name": "TeamCity"
    },
    "website": "https://www.jetbrains.com/teamcity/"
  },
  "Teamtailor": {
    "cats": [
      101
    ],
    "description": "Teamtailor is an applicant tracking system, career site and analytics dashboard combined, mobile friendly, and  all-in-one recruitment platform.",
    "icon": "teamtailor.svg",
    "js": {
      "Teamtailor.Ziggeo": ""
    },
    "pricing": [
      "mid",
      "recurring"
    ],
    "website": "https://www.teamtailor.com"
  },
  "Tebex": {
    "cats": [
      6
    ],
    "description": "Tebex specialises in providing gcommerce solutions for online games.",
    "dom": {
      "a[href*='.tebex.io']": {
        "attributes": {
          "target": "_blank",
          "text": "Tebex"
        }
      }
    },
    "headers": {
      "tb-cache-country": "^\\w+$\\;confidence:50",
      "tb-cache-group": "^webstore$\\;confidence:50"
    },
    "icon": "Tebex.svg",
    "implies": [
      "MySQL",
      "Sass",
      "PHP"
    ],
    "requires": "Cart Functionality",
    "saas": true,
    "scripts": "\\.tebexLogin",
    "website": "https://www.tebex.io"
  },
  "Telescope": {
    "cats": [
      1
    ],
    "icon": "Telescope.png",
    "implies": [
      "Meteor",
      "React"
    ],
    "js": {
      "Telescope": ""
    },
    "website": "https://telescopeapp.org"
  },
  "Tencent Analytics (腾讯分析)": {
    "cats": [
      10
    ],
    "icon": "tajs.png",
    "scriptSrc": "tajs\\.qq\\.com/stats",
    "website": "https://ta.qq.com/"
  },
  "Tencent Cloud": {
    "cats": [
      31,
      62
    ],
    "description": "Tencent Cloud is China's leading public cloud service provider.",
    "icon": "Tencent Cloud.svg",
    "meta": {
      "copyright": "^.+Tencent\\sCloud\\.$"
    },
    "pricing": [
      "payg"
    ],
    "scriptSrc": "\\.tencent-cloud\\.(?:cn|com)/",
    "website": "https://intl.cloud.tencent.com"
  },
  "Tencent QQ": {
    "cats": [
      52
    ],
    "description": "Tencent QQ also known as QQ, is an instant messaging software service and web portal developed by the Chinese tech giant Tencent.",
    "dom": "a[href*='tencent://message/']",
    "icon": "Tencent QQ.svg",
    "website": "https://im.qq.com"
  },
  "Tencent Waterproof Wall": {
    "cats": [
      9,
      16
    ],
    "icon": "TencentWaterproofWall.png",
    "scriptSrc": [
      "/TCaptcha\\.js",
      "captcha\\.qq\\.com/.*"
    ],
    "website": "https://007.qq.com/"
  },
  "Tengine": {
    "cats": [
      22
    ],
    "description": "Tengine is a web server which is based on the Nginx HTTP server.",
    "headers": {
      "Server": "Tengine"
    },
    "icon": "Tengine.png",
    "website": "https://tengine.taobao.org"
  },
  "Termly": {
    "cats": [
      67
    ],
    "description": "Termly provides free website policy resources and web-based policy creation software.",
    "icon": "termly.svg",
    "scriptSrc": "app\\.termly\\.io/embed\\.min\\.js",
    "website": "https://termly.io/"
  },
  "Tern": {
    "cats": [
      100
    ],
    "description": "Tern is a plug and play ecommerce app, built for Shopify, that offers merchants the ability to provide a seamless trade-in service.",
    "icon": "Tern.png",
    "pricing": [
      "payg"
    ],
    "requires": "Shopify",
    "scriptSrc": "live\\.tern-returns\\.eastsideapps\\.io/",
    "website": "https://www.tern.eco"
  },
  "TerriaJS": {
    "cats": [
      35
    ],
    "description": "TerriaJS is an open-source framework for web-based geospatial catalogue explorers.",
    "dom": "html[class*='terria']",
    "icon": "TerriaJS.png",
    "website": "https://terria.io/"
  },
  "Tessitura": {
    "cats": [
      53
    ],
    "html": "<!--[^>]+Tessitura Version: (\\d*\\.\\d*\\.\\d*)?\\;version:\\1",
    "icon": "tessitura.svg",
    "implies": [
      "Microsoft ASP.NET",
      "IIS",
      "Windows Server"
    ],
    "website": "https://www.tessituranetwork.com"
  },
  "TestFreaks": {
    "cats": [
      90
    ],
    "description": "TestFreaks is an impartial source that provides product and seller review content for ecommerce websites.",
    "icon": "TestFreaks.svg",
    "js": {
      "applyTestFreaks": "",
      "testFreaks": ""
    },
    "pricing": [
      "low",
      "recurring"
    ],
    "saas": true,
    "scriptSrc": "\\.testfreaks\\.com/",
    "website": "https://www.testfreaks.com"
  },
  "Texthelp": {
    "cats": [
      68
    ],
    "description": "TextHelp is a literacy, accessibility and dyslexia software developer for people with reading and writing difficulties.",
    "icon": "Texthelp.svg",
    "scriptSrc": "browsealoud\\.com/.*/browsealoud\\.js",
    "website": "https://www.texthelp.com/en-gb/products/browsealoud/"
  },
  "Textpattern CMS": {
    "cats": [
      1
    ],
    "icon": "Textpattern CMS.png",
    "implies": [
      "PHP",
      "MySQL"
    ],
    "meta": {
      "generator": "Textpattern"
    },
    "website": "https://textpattern.com"
  },
  "The Arena Group": {
    "cats": [
      36
    ],
    "description": "The Arena Group is a media coalition of professional content destinations. It operates on a shared digital publishing, advertising, and distribution platform, providing a major media-scale alternative to news and information distributed on social platforms.",
    "icon": "The Arena Group.svg",
    "meta": {
      "generator": "^Tempest\\s-\\smaven\\.io$"
    },
    "saas": true,
    "website": "https://thearenagroup.net"
  },
  "The Church Co": {
    "cats": [
      51
    ],
    "description": "The Church Co is a church-focused website development platform that provides tools and features specifically designed to support the growth and online presence of churches and religious organisations.",
    "icon": "The Church Co.png",
    "meta": {
      "generator": "^THECHURCHCO\\s([\\d\\.]+)$\\;version:\\1"
    },
    "pricing": [
      "low",
      "recurring"
    ],
    "saas": true,
    "website": "https://thechurchco.com"
  },
  "The Events Calendar": {
    "cats": [
      87
    ],
    "description": "The Events Calendar is a free event management plugin for WordPress.",
    "dom": "link[href*='/wp-content/plugins/the-events-calendar/']",
    "icon": "The Events Calendar.png",
    "js": {
      "TribeCalendar": "",
      "tribe_l10n_datatables": ""
    },
    "pricing": [
      "freemium",
      "low",
      "recurring"
    ],
    "requires": "WordPress",
    "scriptSrc": "/wp-content/plugins/the-events-calendar(?:-pro)?/",
    "website": "https://theeventscalendar.com"
  },
  "The Hotels Network": {
    "cats": [
      10,
      76
    ],
    "description": "The Hotels Network provides a SaaS software that enhances hotelier websites with predictive marketing personalisation and user behavior analytics.",
    "headers": {
      "content-security-policy": "\\.thehotelsnetwork\\.com",
      "content-security-policy-report-only": "\\.thehotelsnetwork\\.com"
    },
    "icon": "The Hotels Network.svg",
    "js": {
      "thn.data.version": "([\\d\\.]+)\\;version:\\1"
    },
    "pricing": [
      "freemium",
      "poa"
    ],
    "saas": true,
    "scriptSrc": "\\.thehotelsnetwork\\.com/",
    "website": "https://thehotelsnetwork.com"
  },
  "The SEO Framework": {
    "cats": [
      54,
      87
    ],
    "description": "The SEO Framework is the only WordPress plugin that can intelligently generate critical SEO meta tags by reading your WordPress environment.",
    "html": "<!--[^>]+The SEO Framework by Sybre Waaijer",
    "icon": "The SEO Framework.svg",
    "pricing": [
      "freemium",
      "low",
      "recurring"
    ],
    "requires": "WordPress",
    "saas": true,
    "website": "https://theseoframework.com"
  },
  "The Theme Foundry Make": {
    "cats": [
      80
    ],
    "description": "Make is a free, open-source builder WordPress theme by The Theme Foundry.",
    "icon": "The Theme Foundry.svg",
    "js": {
      "MakeDynamicStylesheet": "\\;confidence:50",
      "MakeFrontEnd": "\\;confidence:50"
    },
    "pricing": [
      "freemium",
      "low",
      "recurring",
      "onetime"
    ],
    "requires": "WordPress",
    "scriptSrc": "/wp-content/themes/make(?:-child)?/.+frontend\\.js(?:\\?ver=(\\d+(?:\\.\\d+)+))?\\;version:\\1",
    "website": "https://thethemefoundry.com/wordpress-themes/make"
  },
  "The.com": {
    "cats": [
      18,
      51
    ],
    "description": "The.com is a low-code website building platform with community-created components that you can share and own.",
    "icon": "The.com.svg",
    "implies": [
      "React",
      "Amazon S3"
    ],
    "pricing": [
      "payg",
      "mid",
      "recurring"
    ],
    "saas": true,
    "scriptSrc": "the-dotcom-public-cdn\\.s3\\.amazonaws\\.com/",
    "website": "https://www.the.com"
  },
  "Thefork": {
    "cats": [
      93
    ],
    "description": "Thefork is a restaurant booking, managing system.",
    "dom": {
      "iframe[data-src*='lafourchette']": {
        "attributes": {
          "data-src": "module\\.lafourchette.\\w+"
        }
      },
      "iframe[src*='lafourchette']": {
        "attributes": {
          "src": "module\\.lafourchette.\\w+"
        }
      }
    },
    "icon": "Thefork.svg",
    "pricing": [
      "mid",
      "freemium",
      "recurring"
    ],
    "saas": true,
    "website": "https://www.thefork.com"
  },
  "Thelia": {
    "cats": [
      1,
      6
    ],
    "html": "<(?:link|style|script)[^>]+/assets/frontOffice/",
    "icon": "Thelia.png",
    "implies": [
      "PHP",
      "Symfony"
    ],
    "website": "https://thelia.net"
  },
  "Theme Freesia Edge": {
    "cats": [
      80
    ],
    "description": "Edge is a responsive blogger WordPress theme by Theme Freesia.",
    "icon": "Theme Freesia.png",
    "js": {
      "edge_slider_value": ""
    },
    "pricing": [
      "freemium",
      "onetime"
    ],
    "requires": "WordPress",
    "scriptSrc": "/wp-content/themes/edge(?:-plus)?/",
    "website": "https://themefreesia.com/themes/edge"
  },
  "Theme Freesia Photograph": {
    "cats": [
      80
    ],
    "description": "Photograph is a WordPress theme exclusively built for photographer, blogger, portfolio, photography agency or photo studio websites.",
    "icon": "Theme Freesia.png",
    "pricing": [
      "freemium",
      "onetime"
    ],
    "requires": "WordPress",
    "scriptSrc": "/wp-content/themes/photograph(?:-plus)?/",
    "website": "https://themefreesia.com/themes/Photograph"
  },
  "Theme Freesia ShoppingCart": {
    "cats": [
      80
    ],
    "description": "ShoppingCart is a WordPress theme especially build for store and ecommerce by Theme Freesia.",
    "icon": "Theme Freesia.png",
    "js": {
      "shoppingcart_slider_value": ""
    },
    "pricing": [
      "freemium",
      "onetime"
    ],
    "requires": "WordPress",
    "scriptSrc": "/wp-content/themes/shoppingcart(?:-plus)?/",
    "website": "https://themefreesia.com/themes/shoppingcart"
  },
  "Theme Horse Attitude": {
    "cats": [
      80
    ],
    "description": "Attitude is a simple, clean and responsive retina ready WordPress theme by Theme Horse.",
    "dom": "link[href*='/wp-content/themes/attitude-pro/']",
    "icon": "Theme Horse.png",
    "pricing": [
      "freemium",
      "onetime"
    ],
    "requires": "WordPress",
    "scriptSrc": "/wp-content/themes/attitude(?:-pro)?/",
    "website": "https://www.themehorse.com/themes/attitude"
  },
  "Theme Horse NewsCard": {
    "cats": [
      80
    ],
    "description": "NewsCard is a multi-purpose magazine/news WordPress theme by Theme Horse.",
    "dom": "link[href*='/wp-content/themes/newscard-pro/']",
    "icon": "Theme Horse.png",
    "pricing": [
      "freemium",
      "onetime"
    ],
    "requires": "WordPress",
    "scriptSrc": "/wp-content/themes/newscard(?:-pro)?/",
    "website": "https://www.themehorse.com/themes/newscard"
  },
  "Theme Vision Agama": {
    "cats": [
      80
    ],
    "description": "Agama is a free multi-purpose WordPress theme by Theme Vision.",
    "icon": "Theme Vision.png",
    "js": {
      "agama": "",
      "agama_pro": ""
    },
    "pricing": [
      "freemium",
      "onetime"
    ],
    "requires": "WordPress",
    "scriptSrc": "/wp-content/themes/agama(?:-pro)?/.+functions\\.js(?:\\?ver=(\\d+(?:\\.\\d+)+))?\\;version:\\1",
    "website": "https://theme-vision.com/agama"
  },
  "Theme4Press Evolve": {
    "cats": [
      80
    ],
    "description": "Theme4Press Evolve is an multipurpose and minimal WordPress theme.",
    "icon": "Theme4Press.png",
    "js": {
      "evolve_js_local_vars": ""
    },
    "pricing": [
      "freemium",
      "onetime"
    ],
    "requires": "WordPress",
    "scriptSrc": "/wp-content/themes/evolve(?:-plus)?/",
    "website": "https://theme4press.com/evolve-multipurpose-wordpress-theme"
  },
  "ThemeGrill Accelerate": {
    "cats": [
      80
    ],
    "description": "ThemeGrill Accelerate is free minimal WordPress theme.",
    "dom": "link#accelerate_style-css",
    "icon": "ThemeGrill.png",
    "pricing": [
      "freemium",
      "low",
      "recurring",
      "onetime"
    ],
    "requires": "WordPress",
    "scriptSrc": "/wp-content/themes/accelerate(?:-pro)?/",
    "website": "https://themegrill.com/themes/accelerate"
  },
  "ThemeGrill Cenote": {
    "cats": [
      80
    ],
    "description": "ThemeGrill Cenote is a creative blogging WordPress theme, fully compatible with WooCommerce and popular page builders.",
    "dom": "link[href*='/wp-content/themes/cenote/'], link[href*='/wp-content/themes/cenote-pro/']",
    "icon": "ThemeGrill.png",
    "pricing": [
      "freemium",
      "low",
      "recurring",
      "onetime"
    ],
    "requires": "WordPress",
    "scriptSrc": "/wp-content/themes/cenote(?:-pro)?/",
    "website": "https://themegrill.com/themes/cenote"
  },
  "ThemeGrill ColorMag": {
    "cats": [
      80
    ],
    "description": "ThemeGrill ColorMag is most popular magazine-newspaper style WordPress theme.",
    "dom": "link#colormag_style-css",
    "icon": "ThemeGrill.png",
    "pricing": [
      "freemium",
      "low",
      "recurring",
      "onetime"
    ],
    "requires": "WordPress",
    "scriptSrc": "/wp-content/themes/colormag(?:-pro)?/",
    "website": "https://themegrill.com/themes/colormag"
  },
  "ThemeGrill Flash": {
    "cats": [
      80
    ],
    "description": "ThemeGrill Flash is one of the most flexible multipurpose WordPress themes.",
    "dom": "link[href='/wp-content/themes/flash']",
    "icon": "ThemeGrill.png",
    "pricing": [
      "freemium",
      "low",
      "recurring",
      "onetime"
    ],
    "requires": "WordPress",
    "scriptSrc": "/wp-content/themes/flash(?:-pro)?/",
    "website": "https://themegrill.com/themes/flash"
  },
  "ThemeGrill Radiate": {
    "cats": [
      80
    ],
    "description": "ThemeGrill Radiate is a simple and minimal WordPress theme focused on blogging.",
    "dom": "link#radiate-style-css",
    "icon": "ThemeGrill.png",
    "js": {
      "radiateScriptParam": ""
    },
    "pricing": [
      "freemium",
      "low",
      "recurring",
      "onetime"
    ],
    "requires": "WordPress",
    "scriptSrc": "/wp-content/themes/radiate(?:-pro)?/",
    "website": "https://themegrill.com/themes/radiate"
  },
  "ThemeGrill Spacious": {
    "cats": [
      80
    ],
    "description": "ThemeGrill Spacious is beautiful small to medium business responsive WordPress theme.",
    "dom": "link#spacious_style-css",
    "icon": "ThemeGrill.png",
    "js": {
      "spacious_slider_value": ""
    },
    "pricing": [
      "freemium",
      "low",
      "recurring",
      "onetime"
    ],
    "requires": "WordPress",
    "scriptSrc": "/wp-content/themes/spacious(?:-pro)?/",
    "website": "https://themegrill.com/themes/spacious"
  },
  "ThemeGrill eStore": {
    "cats": [
      80
    ],
    "description": "ThemeGrill eStore is one of the most popular WooCommerce integrated WordPress themes.",
    "icon": "ThemeGrill.png",
    "implies": "Cart Functionality",
    "meta": {
      "generator": "eStore v\\.([\\d\\.]+)\\;version:\\1"
    },
    "pricing": [
      "freemium",
      "low",
      "recurring",
      "onetime"
    ],
    "requires": "WordPress",
    "scriptSrc": "/wp-content/themes/e(?:s|S)tore(?:-pro)?/",
    "website": "https://themegrill.com/themes/estore"
  },
  "ThemeIsle Menu Icons": {
    "cats": [
      87
    ],
    "description": "ThemeIsle Menu Icons plugin gives you the ability to add icons to your menu items, similar to the look of the latest dashboard menu.",
    "dom": "link[href*='/wp-content/plugins/menu-icons/']",
    "icon": "ThemeIsle.png",
    "requires": "WordPress",
    "website": "https://wordpress.org/plugins/menu-icons"
  },
  "ThemeZee Donovan": {
    "cats": [
      80
    ],
    "description": "ThemeZee Donovan is a flexible, yet easy-to-use blogging WordPress theme.",
    "icon": "ThemeZee.png",
    "js": {
      "donovanScreenReaderText": "",
      "donovan_menu_title": ""
    },
    "pricing": [
      "freemium",
      "low",
      "recurring",
      "onetime"
    ],
    "requires": "WordPress",
    "scriptSrc": "/wp-content/themes/donovan/",
    "website": "https://themezee.com/themes/donovan"
  },
  "ThemeZee Poseidon": {
    "cats": [
      80
    ],
    "description": "ThemeZee Poseidon is an elegant designed WordPress theme featuring a splendid fullscreen image slideshow.",
    "icon": "ThemeZee.png",
    "js": {
      "poseidonScreenReaderText": ""
    },
    "pricing": [
      "freemium",
      "low",
      "recurring",
      "onetime"
    ],
    "requires": "WordPress",
    "scriptSrc": "/wp-content/themes/poseidon/",
    "website": "https://themezee.com/themes/poseidon"
  },
  "ThemeZee Wellington": {
    "cats": [
      80
    ],
    "description": "Wellington is a clean and simple magazine WordPress theme by ThemeZee.",
    "icon": "ThemeZee.png",
    "js": {
      "wellingtonScreenReaderText": ""
    },
    "pricing": [
      "freemium",
      "low",
      "recurring",
      "onetime"
    ],
    "requires": "WordPress",
    "scriptSrc": "/wp-content/themes/wellington/",
    "website": "https://themezee.com/themes/wellington"
  },
  "Themeansar Newsberg": {
    "cats": [
      80
    ],
    "description": "Themeansar Newsberg is a fast, clean, modern-looking, responsive news magazine WordPress theme.",
    "dom": "link#newsberg-style-css",
    "excludes": "Themeansar Newsup",
    "icon": "Themeansar.png",
    "pricing": [
      "freemium",
      "onetime"
    ],
    "requires": "WordPress",
    "website": "https://themeansar.com/free-themes/newsberg"
  },
  "Themeansar Newsup": {
    "cats": [
      80
    ],
    "description": "Themeansar Newsup is a fast, clean, modern-looking responsive news magazine WordPress theme.",
    "icon": "Themeansar.png",
    "pricing": [
      "freemium",
      "onetime"
    ],
    "requires": "WordPress",
    "scriptSrc": "/wp-content/themes/newsup(?:-pro)?/",
    "website": "https://themeansar.com/free-themes/newsup"
  },
  "Themebeez Cream Magazine": {
    "cats": [
      80
    ],
    "description": "Cream Magazine is a news and magazine WordPress theme by Themebeez.",
    "icon": "Themebeez.png",
    "js": {
      "cream_magazine_script_obj": ""
    },
    "pricing": [
      "freemium",
      "onetime"
    ],
    "requires": "WordPress",
    "website": "https://themebeez.com/themes/cream-magazine"
  },
  "Themebeez Orchid Store": {
    "cats": [
      80
    ],
    "description": "Orchid Store is a clean, flexible, stylish and dynamic ecommerce WordPress theme by Themebeez.",
    "icon": "Themebeez.png",
    "js": {
      "orchid_store_obj": ""
    },
    "pricing": [
      "freemium",
      "onetime"
    ],
    "requires": "WordPress",
    "scriptSrc": "/wp-content/themes/orchid-store(?:-child)?/.+bundle\\.min\\.js(?:\\?ver=(\\d+(?:\\.\\d+)+))?\\;version:\\1",
    "website": "https://themebeez.com/themes/orchid-store"
  },
  "Themegraphy Graphy": {
    "cats": [
      80
    ],
    "description": "Themegraphy Graphy is now compatible with WordPress 5.0 and Gutenberg blog-oriented WordPress theme.",
    "icon": "Themegraphy.png",
    "pricing": [
      "freemium",
      "onetime"
    ],
    "requires": "WordPress",
    "scriptSrc": "/wp-content/themes/graphy(?:-pro)?/",
    "website": "https://themegraphy.com/wordpress-themes/graphy"
  },
  "Themes4Wp Bulk": {
    "cats": [
      80
    ],
    "description": "Themes4Wp Bulk is a modern and responsive multipurpose WordPress theme.",
    "icon": "Themes4Wp.png",
    "pricing": [
      "freemium",
      "onetime"
    ],
    "requires": "WordPress",
    "scriptSrc": "/wp-content/themes/bulk(?:-pro)?/.+customscript\\.js(?:\\?ver=(\\d+(?:\\.\\d+)+))?\\;version:\\1",
    "website": "https://themes4wp.com/theme/bulk"
  },
  "ThemezHut Bam": {
    "cats": [
      80
    ],
    "description": "ThemezHut Bam is a great flexible WordPress theme for blogging sites.",
    "icon": "ThemezHut.png",
    "pricing": [
      "freemium",
      "onetime"
    ],
    "requires": "WordPress",
    "scriptSrc": "/wp-content/themes/bam(?:-pro)?/",
    "website": "https://themezhut.com/themes/bam"
  },
  "ThemezHut HitMag": {
    "cats": [
      80
    ],
    "description": "ThemezHut HitMag is a stylish and powerful WordPress theme crafted for magazines, newspapers or personal blogs.",
    "icon": "ThemezHut.png",
    "pricing": [
      "freemium",
      "onetime"
    ],
    "requires": "WordPress",
    "scriptSrc": "/wp-content/themes/hitmag(?:-pro)?/",
    "website": "https://themezhut.com/themes/hitmag"
  },
  "Themonic Iconic One": {
    "cats": [
      80
    ],
    "description": "Themonic Iconic One is a premium quality WordPress theme with pixel perfect typography and responsiveness and is built for speed.",
    "icon": "Themonic.png",
    "pricing": [
      "freemium",
      "low",
      "recurring"
    ],
    "requires": "WordPress",
    "scriptSrc": "/wp-content/themes/iconic-one(?:-[\\w]+)?/",
    "website": "https://themonic.com/iconic-one"
  },
  "Thesis": {
    "cats": [
      10
    ],
    "description": "Thesis is a conversion rate optimisation company.",
    "icon": "Thesis.svg",
    "js": {
      "thix.history": "\\;confidence:50",
      "thix.t": "\\;confidence:50"
    },
    "pricing": [
      "poa"
    ],
    "saas": true,
    "scriptSrc": "thix\\.ttsep\\.com/",
    "website": "https://www.thesistesting.com"
  },
  "ThimPress Course Review": {
    "cats": [
      87
    ],
    "description": "Course Review is a WordPress plugin by ThimPress. Course Review gives students the opportunity to evaluate and provide feedback in order to improve the course.",
    "dom": "link[href*='/wp-content/plugins/learnpress-course-review/']",
    "icon": "ThimPress.svg",
    "pricing": [
      "freemium"
    ],
    "requires": "WordPress",
    "website": "https://wordpress.org/plugins/learnpress-course-review"
  },
  "ThimPress Course Wishlist": {
    "cats": [
      87
    ],
    "description": "Course Wishlist is a WordPress plugin by ThimPress. Course Wishlist bring wishlist feature for LearnPress.",
    "dom": "link[href*='/wp-content/plugins/learnpress-wishlist/']",
    "icon": "ThimPress.svg",
    "pricing": [
      "freemium"
    ],
    "requires": [
      "WordPress",
      "ThimPress LearnPress"
    ],
    "website": "https://wordpress.org/plugins/learnpress-wishlist"
  },
  "ThimPress Gradebook": {
    "cats": [
      87
    ],
    "description": "Gradebook is a WordPress plugin by ThimPress. Gradebook add-on for LearnPress makes it easier to track the students learning progress and result.",
    "dom": "link[href*='/wp-content/plugins/learnpress-gradebook/']",
    "icon": "ThimPress.svg",
    "pricing": [
      "onetime"
    ],
    "requires": [
      "WordPress",
      "ThimPress LearnPress"
    ],
    "website": "https://thimpress.com/product/gradebook-add-on-for-learnpress"
  },
  "ThimPress LearnPress": {
    "cats": [
      87,
      21
    ],
    "description": "LearnPress is a WordPress LMS plugin by ThimPress.",
    "dom": "link[href*='/wp-content/plugins/learnpress/']",
    "icon": "ThimPress.svg",
    "pricing": [
      "freemium",
      "onetime"
    ],
    "requires": "WordPress",
    "scriptSrc": "/wp-content/plugins/learnpress/.+\\.js(?:\\?ver=(\\d+(?:\\.\\d+)+))?\\;version:\\1",
    "website": "https://wordpress.org/plugins/learnpress"
  },
  "Thimatic": {
    "cats": [
      90,
      100
    ],
    "description": "Thimatic is a Shopify app for product reviews.",
    "icon": "Thimatic.png",
    "pricing": [
      "low",
      "recurring"
    ],
    "saas": true,
    "scriptSrc": "thimatic-apps\\.com/product_review/.*?v=([\\d.]+)\\;version:\\1",
    "website": "https://thimatic-apps.com/"
  },
  "Think Up Themes Consulting": {
    "cats": [
      80
    ],
    "description": "Think Up Themes Consulting is a multipurpose WordPress theme that is available for free download and also offers a pro version.",
    "dom": "link#consulting-style-css",
    "icon": "Think Up Themes.png",
    "pricing": [
      "freemium",
      "onetime"
    ],
    "requires": "WordPress",
    "scriptSrc": "/wp-content/themes/consulting(?:-pro)?/",
    "website": "https://www.thinkupthemes.com/themes/consulting"
  },
  "Think Up Themes Minamaze": {
    "cats": [
      80
    ],
    "description": "Think Up Themes Minamaze is a multipurpose WordPress theme that is available for free download and also offers a pro version.",
    "dom": "link#minamaze-style-css",
    "icon": "Think Up Themes.png",
    "pricing": [
      "freemium",
      "onetime"
    ],
    "requires": "WordPress",
    "scriptSrc": "/wp-content/themes/minamaze(?:-pro)?/",
    "website": "https://www.thinkupthemes.com/themes/minamaze"
  },
  "ThinkPHP": {
    "cats": [
      18
    ],
    "cookies": {
      "thinkphp_show_page_trace": ""
    },
    "cpe": "cpe:2.3:a:thinkphp:thinkphp:*:*:*:*:*:*:*:*",
    "description": "ThinkPHP is an open-source PHP framework with MVC structure developed and maintained by Shanghai Topthink Company.",
    "headers": {
      "X-Powered-By": "ThinkPHP"
    },
    "icon": "ThinkPHP.png",
    "implies": "PHP",
    "oss": true,
    "website": "https://www.thinkphp.cn"
  },
  "Thinkific": {
    "cats": [
      21
    ],
    "cookies": {
      "_thinkific_session": ""
    },
    "description": "Thinkific is a software platform that enables entrepreneurs to create, market, sell, and deliver their own online courses.",
    "icon": "Thinkific.svg",
    "js": {
      "Thinkific": "",
      "ThinkificAnalytics": ""
    },
    "pricing": [
      "low",
      "recurring"
    ],
    "saas": true,
    "scriptSrc": "cdn(?:-themes)?\\.thinkific\\.com",
    "website": "https://www.thinkific.com"
  },
  "ThreatMetrix": {
    "cats": [
      16,
      83
    ],
    "description": "LexisNexis ThreatMetrix is an enterprise solution for online risk and fraud protection ('digital identity intelligence and digital authentication').",
    "icon": "threatmetrix.png",
    "pricing": [
      "poa"
    ],
    "saas": true,
    "scriptSrc": "\\.online-metrix\\.net",
    "website": "https://risk.lexisnexis.com/products/threatmetrix"
  },
  "Three.js": {
    "cats": [
      25
    ],
    "description": "Three.js is a cross-browser JavaScript library and application programming interface used to create and display animated 3D computer graphics in a web browser using WebGL.",
    "dom": "canvas[data-engine*='three.js']",
    "icon": "Three.js.svg",
    "js": {
      "THREE.REVISION": "^(.+)$\\;version:\\1",
      "__THREE__": "^(.+)$\\;version:\\1"
    },
    "oss": true,
    "scriptSrc": "three(?:\\.min)?\\.js",
    "website": "https://threejs.org"
  },
  "Threekit": {
    "cats": [
      105,
      95
    ],
    "description": "Threekit is a visual customer experience solution that enables brands to create, manage and scale photorealistic images and 3D product visuals, all from a single design file.",
    "icon": "Threekit.svg",
    "js": {
      "threekit.configuratorForm": "",
      "threekitAR": "",
      "threekitPlayer": ""
    },
    "pricing": [
      "poa"
    ],
    "saas": true,
    "website": "https://www.threekit.com"
  },
  "Thrive Apprentice": {
    "cats": [
      87,
      21
    ],
    "description": "Thrive Apprentice is a WordPress plugin for creating online courses and also a membership plugin.",
    "dom": "link[href*='/wp-content/plugins/thrive-apprentice/']",
    "icon": "Thrive.svg",
    "pricing": [
      "low",
      "recurring"
    ],
    "requires": "WordPress",
    "saas": true,
    "scriptSrc": "/wp-content/plugins/thrive-apprentice/.+\\.js(?:\\?ver=(\\d+(?:\\.\\d+)+))?\\;version:\\1",
    "website": "https://thrivethemes.com/apprentice/"
  },
  "Thrive Architect": {
    "cats": [
      87,
      51
    ],
    "description": "Thrive Architect is the visual page builder for WordPress.",
    "dom": "link[href*='/wp-content/plugins/thrive-visual-editor/']",
    "icon": "Thrive.svg",
    "pricing": [
      "low",
      "recurring"
    ],
    "requires": "WordPress",
    "saas": true,
    "scriptSrc": "/wp-content/plugins/thrive-visual-editor/.+\\.js(?:\\?ver=(\\d+(?:\\.\\d+)+))?\\;version:\\1",
    "website": "https://thrivethemes.com/architect/"
  },
  "Thrive Comments": {
    "cats": [
      87
    ],
    "description": "Thrive Comments plugin replaces the standard WordPress comments from your website.",
    "dom": "link[href*='/wp-content/plugins/thrive-comments/']",
    "icon": "Thrive.svg",
    "pricing": [
      "low",
      "recurring"
    ],
    "requires": "WordPress",
    "saas": true,
    "scriptSrc": "/wp-content/plugins/thrive-comments/.+\\.js(?:\\?ver=(\\d+(?:\\.\\d+)+))?\\;version:\\1",
    "website": "https://thrivethemes.com/comments/"
  },
  "Thrive Leads": {
    "cats": [
      87
    ],
    "description": "Thrive Leads is an all-in-one email list building plugin for WordPress.",
    "dom": "link[href*='/wp-content/plugins/thrive-leads/']",
    "icon": "Thrive.svg",
    "pricing": [
      "low",
      "recurring"
    ],
    "requires": "WordPress",
    "saas": true,
    "scriptSrc": "/wp-content/plugins/thrive-leads/.+\\.js(?:\\?ver=(\\d+(?:\\.\\d+)+))?\\;version:\\1",
    "website": "https://thrivethemes.com/leads/"
  },
  "Thrive Quiz Builder": {
    "cats": [
      87
    ],
    "description": "Thrive Quiz Builder is a powerful WordPress plugin that can help you to create quizzes for your website or blog.",
    "dom": "link[href*='/wp-content/plugins/thrive-quiz-builder/']",
    "icon": "Thrive.svg",
    "pricing": [
      "low",
      "recurring"
    ],
    "requires": "WordPress",
    "saas": true,
    "scriptSrc": "/wp-content/plugins/thrive-quiz-builder/.+\\.js(?:\\?ver=(\\d+(?:\\.\\d+)+))?\\;version:\\1",
    "website": "https://thrivethemes.com/quizbuilder"
  },
  "Thrive Ultimatum": {
    "cats": [
      87
    ],
    "description": "Thrive Ultimatum is a WordPress scarcity marketing plugin with built-in templates and campaign tracking tools from developer Thrive Themes.",
    "dom": "link[href*='/wp-content/plugins/thrive-ultimatum/']",
    "icon": "Thrive.svg",
    "pricing": [
      "low",
      "recurring"
    ],
    "requires": "WordPress",
    "saas": true,
    "scriptSrc": "/wp-content/plugins/thrive-ultimatum/.+\\.js(?:\\?ver=(\\d+(?:\\.\\d+)+))?\\;version:\\1",
    "website": "https://thrivethemes.com/ultimatum/"
  },
  "ThriveCart": {
    "cats": [
      6
    ],
    "description": "ThriveCart is a sales cart solution that lets you create checkout pages for your online products and services.",
    "icon": "ThriveCart.svg",
    "js": {
      "ThriveCart": ""
    },
    "pricing": [
      "mid",
      "onetime"
    ],
    "saas": true,
    "scriptSrc": "thrivecart\\.js",
    "website": "https://thrivecart.com"
  },
  "Ticimax": {
    "cats": [
      6
    ],
    "icon": "Ticimax.png",
    "scriptSrc": [
      "cdn\\.ticimax\\.com/"
    ],
    "website": "https://www.ticimax.com"
  },
  "Tictail": {
    "cats": [
      6
    ],
    "html": "<link[^>]*tictail\\.com",
    "icon": "tictail.png",
    "website": "https://tictail.com"
  },
  "TiddlyWiki": {
    "cats": [
      1,
      2,
      4,
      8
    ],
    "description": "TiddlyWiki is an open-source notebook for capturing, organising and sharing complex information.",
    "html": "<[^>]*type=[^>]text\\/vnd\\.tiddlywiki",
    "icon": "TiddlyWiki.png",
    "js": {
      "tiddler": ""
    },
    "meta": {
      "application-name": "^TiddlyWiki$",
      "copyright": "^TiddlyWiki created by Jeremy Ruston",
      "generator": "^TiddlyWiki$",
      "tiddlywiki-version": "^(.+)$\\;version:\\1"
    },
    "website": "https://tiddlywiki.com"
  },
  "Tidio": {
    "cats": [
      52
    ],
    "description": "Tidio is a customer communication product. It provides multi-channel support so users can communicate with customers on the go. Live chat, messenger, or email are all supported.",
    "icon": "Tidio.svg",
    "js": {
      "tidioChatApi": ""
    },
    "pricing": [
      "low",
      "freemium",
      "recurring"
    ],
    "saas": true,
    "scriptSrc": "code\\.tidio\\.co",
    "website": "https://www.tidio.com"
  },
  "Tiendanube": {
    "cats": [
      6
    ],
    "description": "Tiendanube is an ecommerce platform.",
    "icon": "Tiendanube.svg",
    "js": {
      "LS.store.url": "^.+\\.mitiendanube\\.com$"
    },
    "pricing": [
      "high",
      "recurring"
    ],
    "saas": true,
    "website": "https://www.tiendanube.com"
  },
  "TikTok Pixel": {
    "cats": [
      10
    ],
    "dom": {
      "script[data-hid='tiktok']": {
        "attributes": {
          "data-hid": ""
        }
      }
    },
    "icon": "TikTok.svg",
    "js": {
      "TiktokAnalyticsObject": ""
    },
    "website": "https://ads.tiktok.com",
    "xhr": "analytics\\.tiktok\\.com"
  },
  "Tiki Wiki CMS Groupware": {
    "cats": [
      1,
      2,
      8,
      11,
      13
    ],
    "description": "Tiki Wiki is a free and open-source wiki-based content management system and online office suite written primarily in PHP.",
    "icon": "Tiki Wiki CMS Groupware.png",
    "meta": {
      "generator": "^Tiki"
    },
    "scriptSrc": "(?:/|_)tiki",
    "website": "https://tiki.org"
  },
  "Tiktak Pro": {
    "cats": [
      6
    ],
    "description": "Tiktak Pro is an all-in-one ecommerce platform from Tunisia.",
    "icon": "Tiktak Pro.svg",
    "meta": {
      "author": "^tiktak-themes$"
    },
    "pricing": [
      "low",
      "recurring"
    ],
    "saas": true,
    "website": "https://tiktakpro.tn"
  },
  "Tilda": {
    "cats": [
      1
    ],
    "description": "Tilda is a web design tool.",
    "html": "<link[^>]* href=[^>]+tilda(?:cdn|\\.ws|-blocks)",
    "icon": "Tilda.svg",
    "pricing": [
      "low",
      "recurring"
    ],
    "saas": true,
    "scriptSrc": "tilda(?:cdn|\\.ws|-blocks)",
    "website": "https://tilda.cc"
  },
  "Tiledesk": {
    "cats": [
      52
    ],
    "description": "Tiledesk is the full-stack open-source Live Chat with built-in Chatbots, written in Node.js and Angular.",
    "icon": "Tiledesk.png",
    "js": {
      "Tiledesk": "",
      "tileDeskAsyncInit": "",
      "tiledesk": "",
      "tiledeskSettings": ""
    },
    "oss": true,
    "pricing": [
      "freemium",
      "low",
      "recurring",
      "poa"
    ],
    "saas": true,
    "website": "https://tiledesk.com"
  },
  "Timeplot": {
    "cats": [
      25
    ],
    "icon": "Timeplot.png",
    "js": {
      "Timeplot": ""
    },
    "scriptSrc": "timeplot.*\\.js",
    "website": "https://www.simile-widgets.org/timeplot/"
  },
  "Timify": {
    "cats": [
      72
    ],
    "description": "Timify is an online scheduling and resource management software for small, medium and large businesses.",
    "icon": "Timify.svg",
    "js": {
      "TimifyWidget": ""
    },
    "pricing": [
      "low",
      "freemium",
      "recurring"
    ],
    "scriptSrc": "\\.timify\\.com/",
    "website": "https://www.timify.com"
  },
  "Tiny Slider": {
    "cats": [
      59
    ],
    "description": "Tiny Slider is a vanilla javascript slider for all purposes.",
    "icon": "default.svg",
    "oss": true,
    "scriptSrc": "(?:/([\\d\\.]+)/min/)?tiny-slider(?:\\.min)?\\.js\\;version:\\1",
    "website": "https://github.com/ganlanyuan/tiny-slider"
  },
  "TinyMCE": {
    "cats": [
      24
    ],
    "cpe": "cpe:2.3:a:tiny:tinymce:*:*:*:*:*:*:*:*",
    "description": "TinyMCE is an online rich-text editor released as open-source software. TinyMCE is designed to integrate with JavaScript libraries, Vue.js, and AngularJS as well as content management systems such as Joomla!, and WordPress.",
    "icon": "TinyMCE.svg",
    "js": {
      "tinyMCE.majorVersion": "([\\d.]+)\\;version:\\1",
      "tinymce": ""
    },
    "scriptSrc": "/tiny_?mce(?:\\.min)?\\.js",
    "website": "https://www.tiny.cloud/tinymce/"
  },
  "Tinybird": {
    "cats": [
      10
    ],
    "description": "Tinybird is a cloud-native data processing platform that allows developers and data teams to build real-time data pipelines and perform complex data transformations and analysis at scale.",
    "icon": "Tinybird.svg",
    "js": {
      "Tinybird": ""
    },
    "pricing": [
      "freemium",
      "payg"
    ],
    "saas": true,
    "scriptSrc": [
      "\\.tinybird.co/js/index\\.js"
    ],
    "website": "https://www.tinybird.co/"
  },
  "Tippy.js": {
    "cats": [
      59
    ],
    "description": "Tippy.js is the complete tooltip, popover, dropdown, and menu solution for the web, powered by Popper.",
    "dom": "style[data-tippy-stylesheet]",
    "icon": "Tippy.js.svg",
    "js": {
      "tippy.defaultProps": ""
    },
    "oss": true,
    "scriptSrc": "/tippy\\.js(?:@|/)?([\\d\\.]+)?\\;version:\\1",
    "website": "https://atomiks.github.io/tippyjs"
  },
  "Tipsa": {
    "cats": [
      99
    ],
    "description": "TIPSA is a parcel delivery company in Spain, Portugal and Andorra.",
    "icon": "Tipsa.svg",
    "requiresCategory": 6,
    "text": [
      "\\bTipsa\\b"
    ],
    "website": "https://www.tip-sa.com"
  },
  "Tiqets": {
    "cats": [
      5,
      71
    ],
    "description": "Tiqets provides a complete overview of a city - museums, attractions, zoos, canal cruises, concerts. Publishers joined to the Tiqets affiliate program can receive 6% commission during our 30-day cookie window from completed total bookings resulting from featuring links to Tiqets products and content across their brand: blog/website, social media, newsletters, etc.",
    "dom": "a[href*='.tiqets.com/'][target='_blank'], iframe[src*='.tiqets.com/']",
    "icon": "Tiqets.svg",
    "js": {
      "__TIQETS_LOADER_REINIT": ""
    },
    "pricing": [
      "payg"
    ],
    "saas": true,
    "website": "https://www.tiqets.com/affiliate"
  },
  "Titan": {
    "cats": [
      36
    ],
    "icon": "Titan.png",
    "js": {
      "titan": "",
      "titanEnabled": ""
    },
    "website": "https://titan360.com"
  },
  "Tolt": {
    "cats": [
      71
    ],
    "description": "Tolt is an affiliate marketing software designed for SaaS startups.",
    "icon": "Tolt.svg",
    "js": {
      "toltAPI": "\\.tolt\\.io/",
      "tolt_referral": "",
      "toltio": ""
    },
    "pricing": [
      "low",
      "recurring"
    ],
    "saas": true,
    "scriptSrc": "\\.tolt\\.io/",
    "website": "https://tolt.io"
  },
  "TomTom Maps": {
    "cats": [
      35
    ],
    "description": "TomTom Maps is a web mapping service.",
    "icon": "TomTom.svg",
    "js": {
      "tomtom.Map": ""
    },
    "saas": true,
    "scriptSrc": "api\\.tomtom\\.com",
    "website": "https://www.tomtom.com",
    "xhr": "api\\.tomtom\\.com"
  },
  "TomatoCart": {
    "cats": [
      6
    ],
    "icon": "TomatoCart.png",
    "js": {
      "AjaxShoppingCart": ""
    },
    "meta": {
      "generator": "TomatoCart"
    },
    "website": "https://tomatocart.com"
  },
  "TornadoServer": {
    "cats": [
      22
    ],
    "headers": {
      "Server": "TornadoServer(?:/([\\d.]+))?\\;version:\\1"
    },
    "icon": "TornadoServer.png",
    "website": "https://tornadoweb.org"
  },
  "TotalCode": {
    "cats": [
      6
    ],
    "headers": {
      "X-Powered-By": "^TotalCode$"
    },
    "icon": "TotalCode.png",
    "website": "https://www.totalcode.com"
  },
  "Totango": {
    "cats": [
      97
    ],
    "description": "Totango is a customer success platform that helps recurring revenue businesses simplify the complexities of customer success by connecting the dots of customer data, actively monitoring customer health changes, and driving proactive engagements.",
    "icon": "Totango.svg",
    "js": {
      "totango": "",
      "totangoLoader": ""
    },
    "pricing": [
      "freemium",
      "poa"
    ],
    "saas": true,
    "scriptSrc": [
      "\\.totango\\.com/totango([\\d\\.]+)\\.js\\;version:\\1",
      "\\.amazonaws\\.com/totango-cdn/totango\\d\\.js"
    ],
    "website": "https://www.totango.com"
  },
  "Totara": {
    "cats": [
      21
    ],
    "cookies": {
      "TotaraSession": ""
    },
    "description": "Totara is a learning management system designed for businesses.",
    "icon": "Totara.svg",
    "pricing": [
      "poa"
    ],
    "saas": true,
    "website": "https://www.totaralearning.com"
  },
  "Touch2Success": {
    "cats": [
      6
    ],
    "description": "Touch2Success is a fully featured restaurant POS software designed to serve startups, enterprises.",
    "icon": "Touch2Success.svg",
    "meta": {
      "content": "^Touch2Success$"
    },
    "website": "https://www.touch2success.com"
  },
  "TownNews": {
    "cats": [
      1
    ],
    "description": "TownNews is a CMS platform built for local media organizations.",
    "headers": {
      "x-tncms": ""
    },
    "icon": "townnews.png",
    "js": {
      "TNCMS": "",
      "TNStats_Tracker": "",
      "TNTracker": ""
    },
    "website": "https://townnews.com/"
  },
  "Trac": {
    "cats": [
      13
    ],
    "html": [
      "<a id=\"tracpowered",
      "Powered by <a href=\"[^\"]*\"><strong>Trac(?:[ /]([\\d.]+))?\\;version:\\1"
    ],
    "icon": "Trac.png",
    "implies": "Python",
    "website": "https://trac.edgewall.org"
  },
  "TrackJs": {
    "cats": [
      10
    ],
    "description": "TrackJS is an error monitoring agent for production web sites and applications.",
    "icon": "TrackJs.svg",
    "js": {
      "TrackJs": "",
      "trackJs": ""
    },
    "scriptSrc": "cdn\\.trackjs\\.com",
    "website": "https://trackjs.com"
  },
  "Trackify X": {
    "cats": [
      100,
      10
    ],
    "description": "Trackify X is a pixel engine that helps merchants backup their pixel data and manage multiple pixels.",
    "icon": "Trackify X.png",
    "implies": "Shopify",
    "pricing": [
      "low",
      "recurring"
    ],
    "saas": true,
    "scriptSrc": "trackifyx\\.redretarget\\.com/",
    "website": "https://trackifyapp.com"
  },
  "Tradedoubler": {
    "cats": [
      71
    ],
    "description": "Tradedoubler is a global affiliate marketing network.",
    "dom": {
      "a[href*='clk.tradedoubler.com/click']": {
        "text": ""
      },
      "img[src*='impes.tradedoubler.com/imp']": {
        "text": ""
      }
    },
    "icon": "Tradedoubler.svg",
    "scriptSrc": "swrap\\.tradedoubler\\.com",
    "website": "https://www.tradedoubler.com/"
  },
  "TradingView": {
    "cats": [
      25
    ],
    "description": "TradingView is used to show world chart, chats and trades markets.",
    "dom": "iframe[src*='.tradingview.com/']",
    "icon": "trading_view.svg",
    "pricing": [
      "low",
      "freemium",
      "recurring"
    ],
    "website": "https://www.tradingview.com"
  },
  "Traek": {
    "cats": [
      10
    ],
    "description": "Traek is a website insights, analytics and lead generation tool.",
    "icon": "Traek.svg",
    "js": {
      "Traek": ""
    },
    "pricing": [
      "payg",
      "recurring"
    ],
    "saas": true,
    "website": "https://www.traek.io"
  },
  "TrafficStars": {
    "cats": [
      36
    ],
    "description": "TrafficStars is a self-served ad network and ad exchange that operates mainly in adult-related verticals.",
    "dom": "img[src*='tsyndicate.com/'], a[href*='trafficstars.com']",
    "icon": "TrafficStars.png",
    "pricing": [
      "payg"
    ],
    "saas": true,
    "scriptSrc": "\\.tsyndicate\\.com/",
    "website": "https://trafficstars.com"
  },
  "Transcend": {
    "cats": [
      67
    ],
    "description": "Transcend is data privacy management compliance platform.",
    "icon": "Transcend.svg",
    "js": {
      "transcend": ""
    },
    "pricing": [
      "poa"
    ],
    "saas": true,
    "website": "https://www.transcend.io"
  },
  "Transcy": {
    "cats": [
      89,
      100
    ],
    "description": "Transcy is a Shopify translation app. Transcy allows you to translate your whole store content into target languages to reach different nation shoppers.",
    "icon": "Transcy.png",
    "implies": "Shopify",
    "js": {
      "_transcy": "",
      "transcy_apiURI": "",
      "transcy_shopifyLocales": ""
    },
    "pricing": [
      "freemium",
      "low",
      "recurring"
    ],
    "saas": true,
    "website": "https://transcy.io"
  },
  "Transifex": {
    "cats": [
      12
    ],
    "icon": "transifex.png",
    "js": {
      "Transifex.live.lib_version": "(.+)\\;version:\\1"
    },
    "website": "https://www.transifex.com"
  },
  "Transistor.fm": {
    "cats": [
      5
    ],
    "description": "Transistor.fm is a podcast host, distribution and management platform.",
    "dom": "iframe[src*='.transistor.fm/']",
    "icon": "Transistor.fm.svg",
    "pricing": [
      "low",
      "recurring"
    ],
    "saas": true,
    "website": "https://transistor.fm"
  },
  "Translate WordPress": {
    "cats": [
      87,
      89
    ],
    "description": "Translate WordPress is a website translator plugin which can translate any website to any language automatically. Translate WordPress plugin is now a part of GTranslate family.",
    "icon": "GTranslate.svg",
    "requires": "WordPress",
    "scriptSrc": "/wp-content/plugins/google-language-translator/.+scripts\\.js(?:\\?ver=(\\d+(?:\\.\\d+)+))?\\;version:\\1",
    "website": "https://gtranslate.io"
  },
  "Transmart": {
    "cats": [
      99
    ],
    "description": "Transmart is a shipping company in Turkey.",
    "requiresCategory": 6,
    "text": [
      "\\bTransmart\\b"
    ],
    "website": "https://transmartshipping.com"
  },
  "Tray": {
    "cats": [
      6
    ],
    "description": "Tray is an all-in-one ecommerce platform from Brazil.",
    "icon": "tray.png",
    "pricing": [
      "low",
      "recurring"
    ],
    "saas": true,
    "scriptSrc": "tcdn\\.com\\.br",
    "website": "https://www.tray.com.br"
  },
  "Trbo": {
    "cats": [
      74,
      76
    ],
    "cookies": {
      "trbo_session": "^(?:[\\d]+)$",
      "trbo_usr": "^(?:[\\d\\w]+)$"
    },
    "description": "Trbo is a personalisation, recommendations, A/B testing platform from Germany.",
    "icon": "Trbo.svg",
    "js": {
      "_trbo": "",
      "_trbo_start": "",
      "_trboq": ""
    },
    "pricing": [
      "poa"
    ],
    "saas": true,
    "scriptSrc": "\\.trbo\\.com",
    "website": "https://www.trbo.com"
  },
  "Treasure Data": {
    "cats": [
      97
    ],
    "description": "Treasure Data is the only enterprise customer data platform.",
    "dom": "link[href*='.treasuredata.com']",
    "icon": "Treasure Data.svg",
    "js": {
      "Treasure.version": "(.+)\\;version:\\1"
    },
    "pricing": [
      "poa"
    ],
    "saas": true,
    "scriptSrc": "cdn\\.treasuredata\\.com/",
    "website": "https://www.treasuredata.com"
  },
  "Trengo": {
    "cats": [
      52
    ],
    "description": "Trengo is an omnichannel communication platform that unifies all messaging channels into one single view.",
    "icon": "Trengo.svg",
    "js": {
      "Trengo.eventBus": ""
    },
    "pricing": [
      "low",
      "recurring"
    ],
    "saas": true,
    "scriptSrc": "\\.widget\\.trengo\\.eu/",
    "website": "https://trengo.com"
  },
  "Triggerbee": {
    "cats": [
      76,
      10
    ],
    "description": "Triggerbee is an onsite personalisation platform that lets you use customer and behavioral data to build and launch personalised campaigns.",
    "icon": "Triggerbee.svg",
    "js": {
      "triggerbee": ""
    },
    "pricing": [
      "mid",
      "recurring"
    ],
    "saas": true,
    "scriptSrc": "t\\.myvisitors\\.se",
    "website": "https://triggerbee.com"
  },
  "Trinity Audio": {
    "cats": [
      5
    ],
    "description": "Trinity Audio's AI-driven solutions help publishers and content creators create a world of smart audio experiences for their audiences, covering every stage of the audio journey from creation to distribution.",
    "icon": "Trinity Audio.svg",
    "js": {
      "TRINITY_DISPLAY": "",
      "TRINITY_PLAYER": ""
    },
    "pricing": [
      "freemium",
      "low",
      "recurring"
    ],
    "saas": true,
    "scriptSrc": "//trinitymedia\\.ai/",
    "website": "https://www.trinityaudio.ai"
  },
  "Tripadviser.Widget": {
    "cats": [
      5
    ],
    "description": "Tripadvisor embed reviews widget.",
    "icon": "Tripadviser.Widget.svg",
    "scriptSrc": "tripadvisor\\.[\\w]+/WidgetEmbed",
    "website": "https://www.tripadvisor.com/Widgets"
  },
  "Triple Whale": {
    "cats": [
      10
    ],
    "description": "The Triple Whale platform combines centralization, visualization, and attribution into a dashboard that presents and illustrates KPIs in an actionable way.",
    "icon": "triplewhale.svg",
    "pricing": [
      "mid",
      "recurring"
    ],
    "saas": true,
    "website": "https://triplewhale.com/",
    "xhr": "triplewhale-pixel\\.web\\.app"
  },
  "TripleLift": {
    "cats": [
      36
    ],
    "description": "TripleLift is an advertising technology company providing native programmatic to buyers and sellers.",
    "dom": {
      "iframe[src*='.3lift.com']": {
        "attributes": {
          "src": ""
        }
      }
    },
    "icon": "TripleLift.png",
    "pricing": [
      "low",
      "recurring"
    ],
    "saas": true,
    "website": "https://triplelift.com",
    "xhr": "\\.3lift\\.com"
  },
  "Tritac Katana Commerce": {
    "cats": [
      6
    ],
    "description": "Katana Commerce is Tritac's B2B and B2C ecommerce platform.",
    "icon": "Tritac.svg",
    "meta": {
      "powered-by": "^Katana\\sCommerce$"
    },
    "pricing": [
      "mid",
      "recurring"
    ],
    "saas": true,
    "website": "https://www.tritac.com/nl/producten/katana-commerce/"
  },
  "Trix": {
    "cats": [
      24
    ],
    "description": "Trix is an open-source project from Basecamp, the creators of Ruby on Rails.",
    "icon": "trix.png",
    "js": {
      "Trix.VERSION": "^(.+)$\\;version:\\1"
    },
    "website": "https://trix-editor.org"
  },
  "Trove Recommerce": {
    "cats": [
      6
    ],
    "description": "Trove (formerly Yerdle) builds white-label technology and end-to-end operations for ecommerce platforms.",
    "dom": "img[src*='res.cloudinary.com/yerdle']",
    "headers": {
      "x-trove-app-name": "",
      "x-trove-country-code": "",
      "x-trove-order-uuid": "",
      "x-yerdle-app-name": ""
    },
    "icon": "trove.png",
    "saas": true,
    "website": "https://trove.co",
    "xhr": "reware-production\\.yerdlesite\\.com"
  },
  "TruValidate": {
    "cats": [
      16,
      83
    ],
    "description": "TransUnion TruValidate (previously ReputationShield/IDVision from iovation) is an online risk and fraud detection platform.",
    "icon": "TruValidate.svg",
    "pricing": [
      "poa"
    ],
    "saas": true,
    "scriptSrc": [
      "mpsnare\\.iesnare\\.com",
      "ci-mpsnare\\.iovation\\.com"
    ],
    "website": "https://www.transunion.com/solution/truvalidate"
  },
  "True Fit": {
    "cats": [
      76
    ],
    "description": "True Fit is a data-driven personalisation platform for footwear and apparel retailers.",
    "icon": "True Fit.png",
    "pricing": [
      "low",
      "recurring"
    ],
    "saas": true,
    "scriptSrc": "cdn\\.truefitcorp\\.com/(?:.+/([\\d\\.]+))?\\;version:\\1",
    "website": "https://www.truefit.com"
  },
  "TrueCommerce": {
    "cats": [
      6
    ],
    "description": "TrueCommerce is an eCommerce platform.",
    "icon": "Truecommerce.svg",
    "scriptSrc": "cdn\\.nexternal\\.com/",
    "website": "https://www.truecommerce.com"
  },
  "Truepush": {
    "cats": [
      32
    ],
    "description": "Truepush is web-based push notification service available for PWA, AMP, WordPress, and Shopify.",
    "icon": "truepush.svg",
    "js": {
      "truepush": "",
      "truepushVersionInfo.key": "v([\\d\\.]+)\\;version:\\1"
    },
    "website": "https://www.truepush.com"
  },
  "Trumba": {
    "cats": [
      72
    ],
    "description": "Trumba offers web-hosted event calendar software for publishing online, interactive, calendars of events.",
    "dom": "a[href*='www.trumba.com/calendars/']",
    "icon": "Trumba.png",
    "js": {
      "$Trumba": "",
      "$Trumba.version": "([\\d\\.]+)\\;version:\\1",
      "Trumba": ""
    },
    "pricing": [
      "mid",
      "recurring"
    ],
    "saas": true,
    "website": "https://www.trumba.com"
  },
  "Trunkrs": {
    "cats": [
      99
    ],
    "description": "Trunkrs is a Dutch parcel delivery service.",
    "icon": "Trunkrs.svg",
    "requiresCategory": 6,
    "text": [
      "\\bTrunkrs\\b"
    ],
    "website": "https://trunkrs.nl"
  },
  "TrustArc": {
    "cats": [
      67
    ],
    "description": "TrustArc provides software and services to help corporations update their privacy management processes so they comply with government laws and best practices.",
    "icon": "TrustArc.svg",
    "scriptSrc": "consent\\.trustarc\\.com",
    "website": "https://trustarc.com"
  },
  "TrustYou": {
    "cats": [
      5
    ],
    "description": "TrustYou is guest feedback and hotel reputation software company located in Germany.",
    "dom": {
      "iframe[src*='api.trustyou.com']": {
        "attributes": {
          "src": ""
        }
      }
    },
    "icon": "TrustYou.svg",
    "saas": true,
    "website": "https://www.trustyou.com"
  },
  "Trusted Shops": {
    "cats": [
      90
    ],
    "description": "Trusted Shops is a company that acts as a 3'rd party representing the common interests of both consumers and retailers.",
    "icon": "Trusted Shops.svg",
    "pricing": [
      "low",
      "recurring"
    ],
    "saas": true,
    "scriptSrc": "widgets\\.trustedshops\\.com/",
    "website": "https://www.trustedshops.co.uk"
  },
  "Trustindex": {
    "cats": [
      90
    ],
    "description": "Trustindex is a review management tool that helps businesses effectively manage and monitor customer reviews.",
    "dom": "link[href*='.trustindex.io/']",
    "icon": "Trustindex.svg",
    "js": {
      "Trustindex": ""
    },
    "pricing": [
      "low",
      "recurring"
    ],
    "saas": true,
    "website": "https://www.trustindex.io"
  },
  "Trustpilot": {
    "cats": [
      90
    ],
    "description": "Trustpilot is a Danish consumer review website which provide embed stand-alone applications in your website to show your most recent reviews, TrustScore, and star ratings.",
    "icon": "Trustpilot.svg",
    "js": {
      "Trustpilot": ""
    },
    "pricing": [
      "mid",
      "freemium",
      "recurring"
    ],
    "saas": true,
    "scriptSrc": "\\.trustpilot\\.com",
    "website": "https://business.trustpilot.com"
  },
  "Trustspot": {
    "cats": [
      90
    ],
    "description": "TrustSpot provides a solution to capture ratings & reviews, video testimonials, photos, social experiences, and product Q&A.",
    "icon": "Trustspot.png",
    "js": {
      "trustspot_key": ""
    },
    "saas": true,
    "scriptSrc": "trustspot\\.io",
    "website": "https://trustspot.io/"
  },
  "Trustvox": {
    "cats": [
      90
    ],
    "description": "Trustvox collects reviews from customers who purchased ecommerce products and publishes them on product pages with Sincerity Seals.",
    "icon": "Trustvox.png",
    "js": {
      "TrustvoxCertificateWidget": "",
      "TrustvoxRatesWidget": "",
      "_trustvox": "",
      "_trustvox_colt": "",
      "_trustvox_shelf_rate": "",
      "trustvox_id": ""
    },
    "pricing": [
      "poa"
    ],
    "saas": true,
    "website": "https://site.trustvox.com.br"
  },
  "TryNow": {
    "cats": [
      91
    ],
    "description": "TryNow is an ecommerce platform designed to offer a try before you buy experience for shoppers.",
    "icon": "TryNow.svg",
    "js": {
      "TryNowConfig": "",
      "tryNowCheckout": ""
    },
    "pricing": [
      "poa"
    ],
    "saas": true,
    "scriptSrc": "\\.trynow\\.net/shopify/([\\d\\.]+)/\\;version:\\1",
    "website": "https://www.trynow.io"
  },
  "Tumblr": {
    "cats": [
      11
    ],
    "description": "Tumblr is a microblogging and social networking website. The service allows users to post multimedia and other content to a short-form blog.",
    "headers": {
      "X-Tumblr-User": ""
    },
    "html": "<iframe src=\"[^>]+tumblr\\.com",
    "icon": "Tumblr.png",
    "url": "^https?://(?:www\\.)?[^/]+\\.tumblr\\.com/",
    "website": "https://www.tumblr.com"
  },
  "Turbo": {
    "cats": [
      92
    ],
    "description": "Turbo is a JavaScript framework for building fast web applications.",
    "icon": "Turbo.svg",
    "js": {
      "Turbo": ""
    },
    "oss": true,
    "website": "https://turbo.hotwired.dev/"
  },
  "Turbolinks": {
    "cats": [
      92
    ],
    "description": "Turbolinks is a Rails feature, available as a gem and enabled by default in new Rails apps. It is intended to speed up navigating between pages of your application.",
    "js": {
      "Turbolinks": ""
    },
    "oss": true,
    "scriptSrc": "turolinks\\.js",
    "website": "https://github.com/turbolinks/turbolinks"
  },
  "TurfJS": {
    "cats": [
      59
    ],
    "description": "Turf is a modular geospatial engine written in JavaScript.",
    "icon": "TurfJS.svg",
    "js": {
      "turf.feature": "",
      "turf.point": "",
      "turf.random": ""
    },
    "scriptSrc": "(turf@[\\d.]+)?/?turf\\.min\\.js",
    "website": "https://turfjs.org/"
  },
  "Twenty Eleven": {
    "cats": [
      80
    ],
    "description": "Twenty Eleven is the default WordPress theme for 2011.",
    "dom": "link[href*='/wp-content/themes/twentyeleven/']",
    "icon": "WordPress.svg",
    "pricing": [
      "freemium"
    ],
    "requires": "WordPress",
    "website": "https://wordpress.org/themes/twentyeleven"
  },
  "Twenty Fifteen": {
    "cats": [
      80
    ],
    "description": "Twenty Fifteen is the default WordPress theme for 2015.",
    "dom": "link#twentyfifteen-style-css",
    "icon": "WordPress.svg",
    "pricing": [
      "freemium"
    ],
    "requires": "WordPress",
    "scriptSrc": "/wp-content/themes/twentyfifteen/",
    "website": "https://wordpress.org/themes/twentyfifteen"
  },
  "Twenty Fourteen": {
    "cats": [
      80
    ],
    "description": "Twenty Fourteen is the default WordPress theme for 2014.",
    "dom": "link#twentyfourteen-style-css, style#twentyfourteen-lato-css",
    "icon": "WordPress.svg",
    "pricing": [
      "freemium"
    ],
    "requires": "WordPress",
    "scriptSrc": "/wp-content/themes/twentyfourteen/",
    "website": "https://wordpress.org/themes/twentyfourteen"
  },
  "Twenty Nineteen": {
    "cats": [
      80
    ],
    "description": "Twenty Nineteen is the default WordPress theme for 2019.",
    "dom": "link#twentynineteen-style-css",
    "icon": "WordPress.svg",
    "pricing": [
      "freemium"
    ],
    "requires": "WordPress",
    "scriptSrc": "/wp-content/themes/twentynineteen/",
    "website": "https://wordpress.org/themes/twentynineteen"
  },
  "Twenty Seventeen": {
    "cats": [
      80
    ],
    "description": "Twenty Seventeen is the default WordPress theme for 2017.",
    "dom": "link#twentyseventeen-style-css",
    "icon": "WordPress.svg",
    "js": {
      "twentyseventeenScreenReaderText": ""
    },
    "pricing": [
      "freemium"
    ],
    "requires": "WordPress",
    "scriptSrc": "/wp-content/themes/twentyseventeen/",
    "website": "https://wordpress.org/themes/twentyseventeen"
  },
  "Twenty Sixteen": {
    "cats": [
      80
    ],
    "description": "Twenty Sixteen is the default WordPress theme for 2016.",
    "dom": "link#twentysixteen-style-css",
    "icon": "WordPress.svg",
    "pricing": [
      "freemium"
    ],
    "requires": "WordPress",
    "scriptSrc": "/wp-content/themes/twentysixteen/",
    "website": "https://wordpress.org/themes/twentysixteen"
  },
  "Twenty Ten": {
    "cats": [
      80
    ],
    "description": "Twenty Ten is the default WordPress theme for 2010.",
    "dom": "link[href*='/wp-content/themes/twentyten/']",
    "icon": "WordPress.svg",
    "pricing": [
      "freemium"
    ],
    "requires": "WordPress",
    "scriptSrc": "/wp-content/themes/twentyten/",
    "website": "https://wordpress.org/themes/twentyten"
  },
  "Twenty Thirteen": {
    "cats": [
      80
    ],
    "description": "Twenty Thirteen is the default WordPress theme for 2013.",
    "dom": "link#twentythirteen-style-css",
    "icon": "WordPress.svg",
    "pricing": [
      "freemium"
    ],
    "requires": "WordPress",
    "scriptSrc": "/wp-content/themes/twentythirteen/",
    "website": "https://wordpress.org/themes/twentythirteen"
  },
  "Twenty Twelve": {
    "cats": [
      80
    ],
    "description": "Twenty Twelve is the default WordPress theme for 2012.",
    "dom": "link#twentytwelve-style-css",
    "icon": "WordPress.svg",
    "pricing": [
      "freemium"
    ],
    "requires": "WordPress",
    "scriptSrc": "/wp-content/themes/twentytwelve/",
    "website": "https://wordpress.org/themes/twentytwelve"
  },
  "Twenty Twenty": {
    "cats": [
      80
    ],
    "description": "Twenty Twenty is the default WordPress theme for 2020.",
    "dom": "link#twentytwenty-style-css",
    "icon": "WordPress.svg",
    "js": {
      "twentytwenty": ""
    },
    "pricing": [
      "freemium"
    ],
    "requires": "WordPress",
    "scriptSrc": "/wp-content/themes/twentytwenty/",
    "website": "https://wordpress.org/themes/twentytwenty"
  },
  "Twenty Twenty-One": {
    "cats": [
      80
    ],
    "description": "Twenty Twenty-One is the default WordPress theme for 2021.",
    "dom": "link#twenty-twenty-one-style-css",
    "icon": "WordPress.svg",
    "js": {
      "twentytwentyoneCollapseMenuOnClickOutside": "",
      "twentytwentyoneResponsiveEmbeds": ""
    },
    "pricing": [
      "freemium"
    ],
    "requires": "WordPress",
    "scriptSrc": "/wp-content/themes/twentytwentyone/",
    "website": "https://wordpress.org/themes/twentytwentyone"
  },
  "Twenty Twenty-Three": {
    "cats": [
      80
    ],
    "description": "Twenty Twenty-Three is the default WordPress theme for 2023.",
    "dom": {
      "style#webfonts-inline-css": {
        "text": "/wp-content/themes/twentytwentythree/assets/fonts/"
      },
      "style#wp-webfonts-inline-css": {
        "text": "/wp-content/themes/twentytwentythree/assets/fonts/"
      }
    },
    "icon": "WordPress.svg",
    "pricing": [
      "freemium"
    ],
    "requires": "WordPress",
    "website": "https://wordpress.org/themes/twentytwentythree"
  },
  "Twenty Twenty-Two": {
    "cats": [
      80
    ],
    "description": "Twenty Twenty-Two is the default WordPress theme for 2022.",
    "dom": {
      "link#twentytwentytwo-style-css": {},
      "style#webfonts-inline-css": {
        "text": "/wp-content/themes/twentytwentytwo/assets/fonts/"
      },
      "style#wp-webfonts-inline-css": {
        "text": "/wp-content/themes/twentytwentytwo/assets/fonts/"
      }
    },
    "icon": "WordPress.svg",
    "pricing": [
      "freemium"
    ],
    "requires": "WordPress",
    "website": "https://wordpress.org/themes/twentytwentytwo"
  },
  "TwicPics": {
    "cats": [
      31,
      59
    ],
    "description": "TwicPics offers on-demand responsive image generation.",
    "dom": {
      ".twic": {
        "attributes": {
          "data-src": ""
        }
      },
      "[data-twic-src]": {
        "attributes": {
          "data-twic-src": ""
        }
      },
      "data-twic-background": {
        "attributes": {
          "data-twic-background": ""
        }
      }
    },
    "headers": {
      "server": "^TwicPics/\\d+\\.\\d+\\.\\d+$"
    },
    "icon": "TwicPics.svg",
    "pricing": [
      "freemium",
      "recurring",
      "payg"
    ],
    "saas": true,
    "scriptSrc": ".+\\.twic\\.pics",
    "website": "https://www.twicpics.com"
  },
  "Twik": {
    "cats": [
      76
    ],
    "description": "Twik provides a automated, no-configuration business intelligence & personalization automation engine.",
    "icon": "Twik.svg",
    "js": {
      "TWIK_ID": ""
    },
    "pricing": [
      "low",
      "freemium",
      "recurring"
    ],
    "saas": true,
    "scriptSrc": "cdn\\.twik\\.io",
    "website": "https://www.twik.io/"
  },
  "Twikoo": {
    "cats": [
      15
    ],
    "description": "Twikoo is a simple, safe, free comment system.",
    "icon": "Twikoo.png",
    "js": {
      "twikoo.version": "^([\\d\\.]+)$\\;version:\\1"
    },
    "oss": true,
    "scriptSrc": "/twikoo/dist/twikoo\\.all\\.min\\.js",
    "website": "https://twikoo.js.org"
  },
  "Twilight CMS": {
    "cats": [
      1
    ],
    "headers": {
      "X-Powered-CMS": "Twilight CMS"
    },
    "icon": "Twilight CMS.png",
    "website": "https://www.twilightcms.com"
  },
  "Twilio Authy": {
    "cats": [
      69
    ],
    "description": "Twilio Authy provides Two-factor authentication (2FA) adds an additional layer of protection beyond passwords.",
    "icon": "twilio_authy.svg",
    "js": {
      "Authy": ""
    },
    "website": "https://authy.com"
  },
  "TwistPHP": {
    "cats": [
      18
    ],
    "headers": {
      "X-Powered-By": "TwistPHP"
    },
    "icon": "TwistPHP.png",
    "implies": "PHP",
    "website": "https://twistphp.com"
  },
  "TwistedWeb": {
    "cats": [
      22
    ],
    "headers": {
      "Server": "TwistedWeb(?:/([\\d.]+))?\\;version:\\1"
    },
    "icon": "TwistedWeb.png",
    "oss": true,
    "website": "https://twistedmatrix.com/trac/wiki/TwistedWeb"
  },
  "Twitch Player": {
    "cats": [
      14
    ],
    "description": "Twitch is an American video live streaming service that focuses on video game live streaming, including broadcasts of esports competitions.",
    "dom": "iframe[src*='player\\.twitch\\.tv']",
    "icon": "Twitch.svg",
    "js": {
      "Twitch.Player": ""
    },
    "website": "https://dev.twitch.tv/docs/embed/video-and-clips/"
  },
  "Twitter": {
    "cats": [
      5
    ],
    "description": "Twitter is a 'microblogging' system that allows you to send and receive short posts called tweets.",
    "icon": "Twitter.svg",
    "scriptSrc": "//platform\\.twitter\\.com/widgets\\.js",
    "website": "https://twitter.com"
  },
  "Twitter Ads": {
    "cats": [
      36
    ],
    "description": "Twitter Ads is an advertising platform for Twitter 'microblogging' system.",
    "icon": "Twitter.svg",
    "js": {
      "twttr": ""
    },
    "pricing": [
      "payg"
    ],
    "saas": true,
    "scriptSrc": "static\\.ads-twitter\\.com/uwt\\.js",
    "website": "https://ads.twitter.com"
  },
  "Twitter Analytics": {
    "cats": [
      10
    ],
    "description": "Twitter Analytics is a built-in data-tracking platform that shows you insights specific to your Twitter account and activity.",
    "icon": "Twitter.svg",
    "pricing": [
      "freemium"
    ],
    "saas": true,
    "scriptSrc": "analytics\\.twitter\\.com",
    "website": "https://analytics.twitter.com"
  },
  "Twitter Emoji (Twemoji)": {
    "cats": [
      17
    ],
    "description": "Twitter Emoji is a set of open-source emoticons and emojis for Twitter, TweetDeck, and also for Android and iOS versions of the application.",
    "js": {
      "twemoji": "",
      "twemoji.base": "twemoji\\.maxcdn\\.com/v/([\\d\\.]+)/\\;version:\\1"
    },
    "oss": true,
    "scriptSrc": "twemoji(?:\\.min)?\\.js",
    "website": "https://twitter.github.io/twemoji/"
  },
  "Twitter Flight": {
    "cats": [
      12
    ],
    "icon": "Twitter Flight.png",
    "implies": "jQuery",
    "js": {
      "flight": ""
    },
    "website": "https://flightjs.github.io/"
  },
  "Twitter typeahead.js": {
    "cats": [
      59
    ],
    "icon": "Twitter typeahead.js.png",
    "implies": "jQuery",
    "js": {
      "typeahead": ""
    },
    "scriptSrc": "(?:typeahead|bloodhound)\\.(?:jquery|bundle)?(?:\\.min)?\\.js",
    "website": "https://twitter.github.io/typeahead.js"
  },
  "TypeDoc": {
    "cats": [
      4
    ],
    "description": "TypeDoc is an API documentation generator for TypeScript projects.",
    "icon": "TypeDoc.png",
    "implies": "TypeScript",
    "oss": true,
    "website": "https://typedoc.org"
  },
  "TypePad": {
    "cats": [
      11
    ],
    "description": "Typepad is a blog hosting service.",
    "icon": "TypePad.png",
    "meta": {
      "generator": "typepad"
    },
    "url": "typepad\\.com",
    "website": "https://www.typepad.com"
  },
  "TypeScript": {
    "cats": [
      27
    ],
    "description": "TypeScript is an open-source language which builds on JavaScript  by adding static type definitions.",
    "icon": "TypeScript.svg",
    "oss": true,
    "website": "https://www.typescriptlang.org"
  },
  "Typecho": {
    "cats": [
      11
    ],
    "description": "Typecho is a PHP Blogging Platform.",
    "icon": "typecho.svg",
    "implies": "PHP",
    "js": {
      "TypechoComment": ""
    },
    "meta": {
      "generator": "Typecho( [\\d.]+)?\\;version:\\1"
    },
    "url": "/admin/login\\.php?referer=http%3A%2F%2F",
    "website": "https://typecho.org/"
  },
  "Typeform": {
    "cats": [
      73
    ],
    "description": "Typeform is a Spanish online software as a service (SaaS) company that specialises in online form building and online surveys.",
    "dom": "link[href*='.typeform.com/']",
    "icon": "Typeform.png",
    "js": {
      "tf.createPopover": "",
      "tf.createWidget": ""
    },
    "pricing": [
      "low",
      "recurring"
    ],
    "saas": true,
    "scriptSrc": "embed\\.typeform\\.com/",
    "website": "https://www.typeform.com"
  },
  "Typekit": {
    "cats": [
      17
    ],
    "description": "Typekit is an online service which offers a subscription library of fonts.",
    "html": "<link [^>]*href=\"[^\"]+use\\.typekit\\.(?:net|com)",
    "icon": "Typekit.png",
    "js": {
      "Typekit.config.js": "^(.+)$\\;version:\\1"
    },
    "pricing": [
      "low",
      "freemium",
      "recurring"
    ],
    "scriptSrc": "use\\.typekit\\.com",
    "website": "https://typekit.com"
  },
  "Typof": {
    "cats": [
      6
    ],
    "cookies": {
      "typof_session": "\\;confidence:50"
    },
    "description": "Typof is an ecommerce platform for artisans that allows to create a premium website and sell items directly to the consumer.",
    "icon": "Typof.png",
    "pricing": [
      "freemium",
      "recurring",
      "low"
    ],
    "saas": true,
    "scriptSrc": "portal/js/typof\\.js\\;confidence:50",
    "website": "https://typof.com"
  },
  "Tyslo EasySell": {
    "cats": [
      100
    ],
    "description": "Tyslo EasySell replaces default Shopify checkout process by embedding (or popup) a simple order form on the product or cart page.",
    "icon": "Tyslo EasySell.png",
    "implies": "Shopify",
    "js": {
      "openTysloForm": "",
      "tysloApplyDiscount": "",
      "tysloConfigVersion": "",
      "tysloEasysellConfig": ""
    },
    "pricing": [
      "low",
      "freemium",
      "recurring"
    ],
    "saas": true,
    "website": "https://tyslo.com"
  },
  "theTradeDesk": {
    "cats": [
      36
    ],
    "description": "theTradeDesk is an technology company that markets a software platform used by digital ad buyers to purchase data-driven digital advertising campaigns across various ad formats and devices.",
    "dom": {
      "iframe[src*='insight.adsrvr.org']": {
        "attributes": {
          "src": ""
        }
      }
    },
    "icon": "theTradeDesk.svg",
    "js": {
      "TTDUniversalPixelApi": "",
      "ttd_dom_ready": ""
    },
    "pricing": [
      "payg"
    ],
    "saas": true,
    "scriptSrc": "\\.adsrvr\\.org/",
    "website": "https://www.thetradedesk.com",
    "xhr": "adsvr\\.org"
  },
  "thttpd": {
    "cats": [
      22
    ],
    "cpe": "cpe:2.3:a:acme:thttpd:*:*:*:*:*:*:*:*",
    "headers": {
      "Server": "\\bthttpd(?:/([\\d.]+))?\\;version:\\1"
    },
    "icon": "thttpd.png",
    "website": "https://acme.com/software/thttpd"
  },
  "toastr": {
    "cats": [
      12
    ],
    "description": "toastr is a Javascript library for non-blocking notifications. The goal is to create a simple core library that can be customized and extended.",
    "icon": "toastr.png",
    "js": {
      "toastr.version": "(.*)\\;version:\\1"
    },
    "oss": true,
    "website": "https://github.com/CodeSeven/toastr"
  },
  "total.js": {
    "cats": [
      18
    ],
    "headers": {
      "X-Powered-By": "^total\\.js"
    },
    "icon": "total.js.png",
    "implies": "Node.js",
    "website": "https://totaljs.com"
  }
}